INSERT OR IGNORE INTO categories(id,name,icon) VALUES('tech','科技创新','🔬');
INSERT OR IGNORE INTO categories(id,name,icon) VALUES('virtue','品德修养','💎');
INSERT OR IGNORE INTO categories(id,name,icon) VALUES('culture','文化传承','🏮');
INSERT OR IGNORE INTO categories(id,name,icon) VALUES('society','社会民生','🏘️');
INSERT OR IGNORE INTO categories(id,name,icon) VALUES('youth','青春成长','🌱');
INSERT OR IGNORE INTO categories(id,name,icon) VALUES('patriotism','家国情怀','🇨🇳');
INSERT OR IGNORE INTO categories(id,name,icon) VALUES('philosophy','哲理思辨','🧠');
INSERT OR IGNORE INTO subcategories(id,name,category_id) VALUES('patriotism-spirit','爱国精神','patriotism');
INSERT OR IGNORE INTO subcategories(id,name,category_id) VALUES('patriotism-revive','民族复兴','patriotism');
INSERT OR IGNORE INTO subcategories(id,name,category_id) VALUES('patriotism-mission','时代使命','patriotism');
INSERT OR IGNORE INTO subcategories(id,name,category_id) VALUES('patriotism-rolemodel','楷模力量','patriotism');
INSERT OR IGNORE INTO subcategories(id,name,category_id) VALUES('virtue-empathy','善良共情','virtue');
INSERT OR IGNORE INTO subcategories(id,name,category_id) VALUES('virtue-respect','尊重包容','virtue');
INSERT OR IGNORE INTO subcategories(id,name,category_id) VALUES('virtue-dedication','大爱担当','virtue');
INSERT OR IGNORE INTO subcategories(id,name,category_id) VALUES('virtue-cultivation','品德涵养','virtue');
INSERT OR IGNORE INTO subcategories(id,name,category_id) VALUES('society-comm','人际沟通','society');
INSERT OR IGNORE INTO subcategories(id,name,category_id) VALUES('society-edu','教育成长','society');
INSERT OR IGNORE INTO subcategories(id,name,category_id) VALUES('society-fair','公平正义','society');
INSERT OR IGNORE INTO subcategories(id,name,category_id) VALUES('society-observe','社会观察','society');
INSERT OR IGNORE INTO subcategories(id,name,category_id) VALUES('culture-classics','经典智慧','culture');
INSERT OR IGNORE INTO subcategories(id,name,category_id) VALUES('culture-confident','文化自信','culture');
INSERT OR IGNORE INTO subcategories(id,name,category_id) VALUES('culture-exchange','文明互鉴','culture');
INSERT OR IGNORE INTO subcategories(id,name,category_id) VALUES('culture-heritage','传统新生','culture');
INSERT OR IGNORE INTO subcategories(id,name,category_id) VALUES('tech-ai','智能时代','tech');
INSERT OR IGNORE INTO subcategories(id,name,category_id) VALUES('tech-aerospace','航天探索','tech');
INSERT OR IGNORE INTO subcategories(id,name,category_id) VALUES('tech-ethics','科技伦理','tech');
INSERT OR IGNORE INTO subcategories(id,name,category_id) VALUES('tech-innovation','创新驱动','tech');
INSERT OR IGNORE INTO subcategories(id,name,category_id) VALUES('youth-dream','梦想与奋斗','youth');
INSERT OR IGNORE INTO subcategories(id,name,category_id) VALUES('youth-choice','选择与担当','youth');
INSERT OR IGNORE INTO subcategories(id,name,category_id) VALUES('youth-growth','挫折与成长','youth');
INSERT OR IGNORE INTO subcategories(id,name,category_id) VALUES('youth-think','独立思考','youth');
INSERT OR IGNORE INTO subcategories(id,name,category_id) VALUES('phil-contradict','矛盾与统一','philosophy');
INSERT OR IGNORE INTO subcategories(id,name,category_id) VALUES('phil-change','变与不变','philosophy');
INSERT OR IGNORE INTO subcategories(id,name,category_id) VALUES('phil-tradeoff','得失取舍','philosophy');
INSERT OR IGNORE INTO subcategories(id,name,category_id) VALUES('phil-dialectic','辩证思维','philosophy');
INSERT OR IGNORE INTO types(id,name) VALUES('quote','名言金句');
INSERT OR IGNORE INTO types(id,name) VALUES('story','人物事例');
INSERT OR IGNORE INTO types(id,name) VALUES('hot','时事热点');
INSERT OR IGNORE INTO materials(id,title,content,category_id,subcategory_id,type_id,source,created_at,status) VALUES('mmnyj3pfca8t7','嫦娥六号：月背探秘，勇闯人类禁区','2024年6月25日，嫦娥六号返回器携带人类首份月球背面样品安全着陆。月球背面地形崎岖、环境复杂，且由于月球本身的遮挡，无法与地球直接通信，曾被视为探测的“禁区”。为了攻克这一难题，中国航天人提前研制并发射了“鹊桥二号”中继星，搭建起地月之间的通信桥梁。在为期53天的任务中，团队克服了背面对接、月背采样封装等多项世界级技术难题，成功在月球背面南极-艾特肯盆地挖掘出珍贵的“土特产”。这不仅是技术的突破，更是航天精神的生动注脚：面对未知的“背面”，不退缩、不盲从，用智慧搭建“鹊桥”，将不可能变为可能。嫦娥六号的成功，标志着中国航天从“跟跑”向“领跑”的实质性跨越，诠释了“追逐梦想、勇于探索”的时代内涵。','tech','tech-aerospace','hot','2024年嫦娥六号探月任务','2026-04-14','approved');
INSERT OR IGNORE INTO materials(id,title,content,category_id,subcategory_id,type_id,source,created_at,status) VALUES('mmnyj3pfc8lev','桂海潮：戴眼镜的航天员，知识的力量','2023年5月30日，神舟十六号载人飞船成功发射，航天员乘组中有一位戴着眼镜的“新面孔”——桂海潮。作为北京航空航天大学的教授，他是中国首位执行载人飞行任务的载荷专家，也是首位非军人出身的航天员。桂海潮的入选，打破了公众对航天员必须是“战斗机飞行员”的刻板印象，标志着中国空间站正式进入“应用与发展”阶段。为了适应太空环境，这位“书生”经历了两年多的魔鬼训练，克服了前庭功能敏感等生理挑战，最终圆梦太空。他在空间站内进行了大量基础物理实验，将高校实验室搬到了太空。桂海潮的故事告诉我们，航天精神不仅需要强健的体魄，更需要智慧的头脑和持之以恒的求知欲。他用亲身经历证明，知识是通往星辰大海的“入场券”，每一个仰望星空的普通人，都有可能触碰到银河。','tech','tech-aerospace','story','2023年神舟十六号载人飞行任务','2026-04-14','approved');
INSERT OR IGNORE INTO materials(id,title,content,category_id,subcategory_id,type_id,source,created_at,status) VALUES('mmnyjqqjd82qv','Neuralink脑机接口：人类与AI的“共生”实验','2024年初，埃隆·马斯克旗下的Neuralink公司完成了全球首例人类脑机接口植入手术。患者诺兰·阿博因潜水事故导致颈部以下瘫痪，但在植入芯片后，他仅凭意念便能控制鼠标，甚至在深夜下国际象棋。这一突破标志着人工智能不再是冷冰冰的外部工具，而是有望成为人类身体与思维的延伸，让瘫痪者重获数字自由。然而，这一技术也引发了深刻的伦理拷问：当大脑信号可以直接被读取、解析甚至干预，人类隐私的最后防线是否失守？未来，我们或许不再是单纯地“使用”AI，而是与AI共同进化。这并非科幻电影的虚构，而是正在发生的现实，它迫使我们思考：在技术重塑人类定义的时代，我们该如何守住“人之所以为人”的尊严与底线？','tech','tech-ai','hot','2024年Neuralink脑机接口临床试验事件','2026-04-14','approved');
INSERT OR IGNORE INTO materials(id,title,content,category_id,subcategory_id,type_id,source,created_at,status) VALUES('mmnzjlz5ja1bc','红楼梦·真情对世俗逻辑的反叛','《红楼梦》第三十一回中“晴雯撕扇”一节，是论证“真情与世俗”的绝佳素材。端午节家宴不欢而散，宝玉满心郁闷，而晴雯跌断了扇骨。在世俗功利逻辑中，物品当惜之用之，晴雯的行为似是骄纵。然而宝玉却说出一番惊世骇俗之语：“这些东西，原不过是借人所用，你爱这样，我爱那样……比如那扇子，原是扇的，你要撕着玩也可以使得。”随后便任由晴雯撕扇博笑。这一情节超越了主仆尊卑的世俗等级，打破了物比人贵的功利价值观。宝玉所维护的并非晴雯的错误行为，而是她作为个体的真性情与快乐。在高考作文中，此素材可用于探讨“物质与精神”、“规则与人情”的关系，论证在冰冷的世俗规则之外，尊重个体的真性情、肯定人的情感价值，才是人性最温暖的光辉。',NULL,NULL,'story','红楼梦·曹雪芹','2026-04-15','approved');
INSERT OR IGNORE INTO materials(id,title,content,category_id,subcategory_id,type_id,source,created_at,status) VALUES('mmnzjx698pp51','论语·学习的深层定义','在《论语·雍也》中，鲁哀公问孔子弟子孰为好学，孔子对曰：“有颜回者好学，不迁怒，不贰过。不幸短命死矣。今也则亡，未闻好学者也。”孔子眼中的“好学”并非单纯的知识积累或技能习得，而是人格修养的精进。“不迁怒”指向情绪管理的理性，“不贰过”则意味着深刻的自我反省与修正能力。这为高考作文中探讨“学习”主题提供了极具深度的切入点：真正的学习，不应止步于书本知识的获取，更在于心性的磨砺与人格的完善。在论证“学习的本质”、“知行合一”或“修身之道”时，颜回的例子能有力地打破唯成绩论的狭隘，指出学习的终极指向是成为更好的自己。',NULL,NULL,'story','论语·孔子及其弟子','2026-04-15','approved');
INSERT OR IGNORE INTO materials(id,title,content,category_id,subcategory_id,type_id,source,created_at,status) VALUES('mmnzjx699swqq','论语·君子气象与生命安顿','《论语·先进》中记载了孔子与弟子言志的经典场景。子路、冉有、公西华皆畅谈治国安邦的宏大抱负，唯独曾皙（曾点）说：“莫春者，春服既成，冠者五六人，童子六七人，浴乎沂，风乎舞雩，咏而归。”夫子喟然叹曰：“吾与点也！”在治国平天下的宏大叙事之外，孔子最赞同的竟是曾皙这种看似“不务正业”的生活审美。这一素材可用于“修身与品德”或“人生境界”主题的写作，论证真正的君子气象，不仅要有入世的担当，更要有内心的从容与对生活美学的感知能力。它揭示了儒学的另一面：修身不仅是道德律令的约束，更是生命状态的舒展，这种“咏而归”的从容，是对抗现代社会焦虑与内卷的一剂良方。',NULL,NULL,'story','论语·孔子及其弟子','2026-04-15','approved');
INSERT OR IGNORE INTO materials(id,title,content,category_id,subcategory_id,type_id,source,created_at,status) VALUES('mmnzk6464d1av','红楼梦·繁华幻灭：大观园的兴衰隐喻','大观园作为《红楼梦》中最为璀璨的意象，其兴衰过程恰是贾府命运的缩影。初建时，"天上人间诸景备"，园中"亭台楼阁，山水花木，无一不备"，象征着贾府的鼎盛与荣华。然而，这繁华背后却暗藏衰败的征兆。元春省亲时虽"锦衣玉食"，却感叹"富贵荣华，转眼成空"。随着时间推移，大观园逐渐荒芜，"花木凋零，亭台倾圮"，最终沦为"荒草萋萋，狐兔出没"之所。这一变化过程不仅展现了封建家族的兴衰规律，更揭示了繁华背后的虚幻本质。正如书中所言："假作真时真亦假，无为有处有还无。"大观园的兴衰可用来论证"繁华与衰落"的辩证关系，说明任何表面的繁华都难以逃脱衰落的命运，提醒人们看透表象，把握本质。',NULL,NULL,'story','红楼梦·曹雪芹','2026-04-15','pending');
INSERT OR IGNORE INTO materials(id,title,content,category_id,subcategory_id,type_id,source,created_at,status) VALUES('mmnzo6r1ivg7s','汪滔与大疆的创新之路','汪滔，大疆创新创始人，在大学时期就对遥控直升机产生浓厚兴趣。2006年，他在香港科技大学读书期间，在宿舍里开始了无人机控制系统的研发。面对技术难题和资金短缺，他带领团队不断尝试，将飞行控制系统从实验室产品发展为商业化产品。2013年，大疆推出Phantom系列无人机，开创了消费级无人机市场。汪滔坚持"让每个人都能享受飞行"的梦想，通过持续创新，将大疆打造成全球无人机行业的领导者，占据全球消费级无人机70%以上的市场份额。他的故事告诉我们，青年创新需要执着追求和不懈奋斗。','youth','youth-dream','story','AI 生成','2026-04-15','approved');
INSERT OR IGNORE INTO materials(id,title,content,category_id,subcategory_id,type_id,source,created_at,status) VALUES('mmnzo6r1j0ns4','陈天石与寒武纪的芯片创新','陈天石，中科寒武纪创始人，在清华大学和中科院计算所学习期间，面对国外芯片技术垄断，毅然选择投身人工智能芯片研发。2016年，他带领团队推出世界首款商用终端AI处理器"寒武纪1A"，填补了中国在AI芯片领域的空白。在创业过程中，他拒绝了国外企业的高薪聘请，选择承担起推动中国芯片自主创新的责任。寒武纪芯片被广泛应用于华为手机等智能设备，打破了国外技术垄断。陈天石曾说："做科研要有家国情怀，做企业要有社会责任。"他用实际行动诠释了青年科技工作者的责任担当，为中国芯片产业的发展贡献力量。','youth',NULL,'story','AI 生成','2026-04-15','pending');
INSERT OR IGNORE INTO materials(id,title,content,category_id,subcategory_id,type_id,source,created_at,status) VALUES('mmnzo6r1jnobk','颜宁与结构生物学的创新突破','颜宁，著名结构生物学家，在清华大学任教期间，带领团队攻克了葡萄糖转运蛋白结构解析这一世界性难题。她不盲从权威，敢于挑战传统研究方法，创新性地采用冷冻电镜技术，成功解析了葡萄糖转运蛋白GLUT1的结构，为糖尿病等疾病的治疗提供了新思路。2017年，她成为普林斯顿大学分子生物学系首位雪莉·蒂尔曼终身讲席教授，也是最年轻的美国科学院外籍院士之一。颜宁曾说："做科研要敢于质疑，勇于创新。"她以独立思考的精神和创新的科研方法，在国际科学舞台上展现了中国科学家的风采，激励着更多青年投身基础科学研究。','youth',NULL,'story','AI 生成','2026-04-15','pending');
INSERT OR IGNORE INTO materials(id,title,content,category_id,subcategory_id,type_id,source,created_at,status) VALUES('mmnzu1yobx5lm','科大讯飞：AI赋能教育，智慧课堂改变传统教学','科大讯飞作为中国人工智能领域的领军企业，其智慧教育产品已覆盖全国3万多所学校。创始人刘庆峰带领团队深耕语音识别和人工智能技术二十余年，研发的"讯飞智慧课堂"系统能够实时分析学生学习状态，为教师提供精准教学建议。在疫情期间，该系统帮助数百万学生实现线上学习，解决了教育资源不均衡的问题。2022年，科大讯飞在国际语音识别大赛中再次刷新世界纪录，准确率达到98.5%。刘庆峰常说："技术不是目的，而是手段，真正的价值在于用AI赋能教育，让每个孩子都能获得优质教育资源。"这一理念体现了科技以人为本的发展方向。','tech','tech-ai','story','科大讯飞公开资料','2026-04-15','approved');
INSERT OR IGNORE INTO materials(id,title,content,category_id,subcategory_id,type_id,source,created_at,status) VALUES('mmnzu1yobn1rf','天问一号：中国首次火星探测的壮举','2020年7月23日，中国首次火星探测任务"天问一号"探测器在海南文昌航天发射场成功发射。这次任务由航天科技集团五院总体设计，孙泽洲担任总设计师。天问一号一次性完成"绕、着、巡"三大任务，创造了世界航天史上的奇迹。2021年5月15日，天问一号成功着陆火星乌托邦平原，中国成为继美国之后第二个成功着陆火星的国家。探测器搭载的"祝融号"火星车在火星表面工作了90多个火星日，传回大量珍贵数据和图像。孙泽洲表示："天问一号的成功，凝聚了几代中国航天人的智慧和汗水，展现了中国航天技术的自主创新能力和勇于探索的精神。"这一壮举不仅是中国航天事业的里程碑，也是人类探索宇宙的重要一步。','tech','tech-aerospace','story','中国航天科技集团公开资料','2026-04-15','approved');
INSERT OR IGNORE INTO materials(id,title,content,category_id,subcategory_id,type_id,source,created_at,status) VALUES('mmnzu1yobpb85','数字人民币：中国央行数字货币的创新实践','数字人民币是中国人民银行发行的法定数字货币，由穆长春担任数字货币研究所所长。自2019年开始试点以来，数字人民币已在多个城市开展测试，覆盖生活缴费、餐饮服务、交通出行等多个场景。与传统电子支付不同，数字人民币具有法偿性、可控匿名性和双离线支付等特点。2022年北京冬奥会期间，数字人民币作为官方支付方式之一，为国内外运动员和观众提供了便捷的支付体验。截至2023年，数字人民币试点场景已超过500万个，累计交易金额超过1500亿元。穆长春表示："数字人民币不是要取代现有支付方式，而是为公众提供一种新的、安全可靠的支付选择，同时也是中国金融科技创新的重要成果。"这一创新实践不仅推动了中国数字经济的发展，也为全球央行数字货币提供了中国方案。','tech','tech-innovation','story','中国人民银行公开资料','2026-04-15','approved');
INSERT OR IGNORE INTO materials(id,title,content,category_id,subcategory_id,type_id,source,created_at,status) VALUES('mmnzyjmnaec8l','三代人，五十五年，荒漠变绿洲的塞罕坝奇迹','塞罕坝机械林场位于河北省承德市，历史上曾是水草丰美、森林茂密的地方。然而，由于过度开垦和放牧，到上世纪50年代，这里已经变成了"黄沙遮天日，飞鸟无栖树"的荒漠。1962年，国家决定在这里建立机械林场，恢复生态环境。第一代林场人在极端恶劣的条件下，用铁锹、镐头等简单工具，一棵一棵地种树。他们住地窝子、喝雪水，忍受着零下40度的严寒。第二代、第三代林场人继续坚守，不断探索科学的造林方法。经过55年的不懈努力，塞罕坝从荒漠变成了百万亩人工林海，森林覆盖率从建场初期的11.4%提高到80%，创造了"荒漠变绿洲"的人间奇迹，成为生态文明建设的典范。','society',NULL,'story','塞罕坝机械林场历史资料','2026-04-15','pending');
INSERT OR IGNORE INTO materials(id,title,content,category_id,subcategory_id,type_id,source,created_at,status) VALUES('mmnzyjmnavagf','从"脏乱差"到"绿富美"：浙江乡村的生态蝶变','2003年，浙江省启动"千村示范、万村整治"工程，旨在改善农村人居环境，建设美丽乡村。安吉县余村是这一工程的典型代表。曾经，余村依靠"石头经济"，开山采矿，虽然带来了经济收入，却严重破坏了生态环境。2005年，余村响应号召，关停矿山，开始转型发展生态旅游。村民们将废弃的矿坑改造成景点，发展民宿经济，种植有机茶叶。如今，余村已经从"卖石头"转向"卖风景"，村民收入不降反升，生态环境得到显著改善。这一工程不仅改变了浙江农村的面貌，也为全国乡村振兴提供了可复制的经验，成为生态文明建设的生动实践。','society',NULL,'story','浙江省"千村示范、万村整治"工程案例','2026-04-15','pending');
INSERT OR IGNORE INTO materials(id,title,content,category_id,subcategory_id,type_id,source,created_at,status) VALUES('mmnzyjmnancqa','云南亚洲象北迁：人与自然和谐共处的生动教材','2021年3月，一群来自西双版纳的野生亚洲象开始向北迁移，引发了全国关注。在长达17个月的旅程中，这群象穿越了云南多个县市，行程超过1300公里。面对这一罕见现象，当地政府和民众展现了对自然的敬畏和保护。政府部门成立了专门工作组，24小时监测象群动向，及时预警，避免人象冲突；民众主动避让，为象群让路；媒体全程跟踪报道，普及野生动物保护知识。当象群进入农田时，政府给予农户适当补偿；当象群靠近村庄时，工作人员引导它们安全离开。最终，在2021年8月，这群亚洲象安全返回适宜栖息地。这一事件不仅展示了中国野生动物保护的成就，也成为全球生物多样性保护的生动案例，彰显了人与自然和谐共生的理念。','society',NULL,'hot','2021年云南亚洲象北迁事件','2026-04-15','pending');
INSERT OR IGNORE INTO materials(id,title,content,category_id,subcategory_id,type_id,source,created_at,status) VALUES('mmo84orz3b9mg','DeepSeek：打破AI垄断的"中国智慧"','2025年初，中国AI公司深度求索（DeepSeek）发布了性能比肩GPT-4的大模型，而训练成本仅为后者的零头——团队仅用2048张H800显卡、不到600万美元，就达到了其他公司花费数亿美元才实现的效果，震动全球AI圈，被外媒称为"AI界的斯普特尼克时刻"。

创始人梁文锋选择了一条不同于"堆算力"的道路：在算法架构上大胆创新，采用混合专家模型（MoE）等技术路线，用"巧劲"代替"蛮力"。更令人瞩目的是，DeepSeek选择将模型权重开源，让全球研究者都能免费使用，打破了AI领域"强者愈强"的资源壁垒。

【论证角度】
角度一"另辟蹊径的创新智慧"——当所有人追逐同一条赛道时，DeepSeek证明了真正的突破来自换一种思路。适用于"创新""方法""独特"等话题。
角度二"限制催生创造力"——正是因为算力资源有限，反而逼迫团队在算法层面进行更深入的探索。适用于"困境与突破""限制与自由"等话题。
角度三"开源精神与科技普惠"——DeepSeek选择开源，体现了"科技应为全人类服务"的理念。适用于"共享""格局""担当"等话题。
角度四"封锁中的突围"——在芯片封锁的背景下，DeepSeek用"中国智慧"回应了外部质疑。适用于"自强""逆境成长""民族自信"等话题。','tech','tech-ai','hot','2025年DeepSeek大模型发布事件','2026-04-21','approved');
INSERT OR IGNORE INTO materials(id,title,content,category_id,subcategory_id,type_id,source,created_at,status) VALUES('mmo84orz6kkk5','华为芯片突围：从"卡脖子"到"杀手锏"','2023年8月29日，华为Mate 60 Pro未发先售，引发全球关注。在美国长达四年多的芯片封锁下，华为搭载自研麒麟芯片强势回归，实现了5G通信能力，被外媒称为"科技领域的里程碑"。

从2019年被列入"实体清单"到2023年携自研芯片回归，华为用1460天完成了从"无芯可用"到"自主可控"的逆转。期间，海思半导体团队大规模扩充研发力量，在EDA工具、光刻工艺、芯片设计等关键环节逐项攻关。华为年研发投入超过1600亿元，占营收的25%以上——用真金白银诠释了"板凳甘坐十年冷"的战略定力。任正非说："没有伤痕累累，哪来皮糙肉厚？"

【论证角度】
角度一"核心技术必须自主"——从"卡脖子"到"杀手锏"证明核心技术买不来、求不来，只能靠自己攻克。适用于"自立自强""核心技术"等话题。
角度二"长期主义的战略定力"——四年封锁期华为没有动摇研发投入，反而持续加码。适用于"坚持""长期主义""战略定力"等话题。
角度三"逆境是创新的催化剂"——封锁没有压垮华为，反而倒逼出更深层的自主创新，压力转化为动力。适用于"逆境""化危为机"等话题。
角度四"个体与国家命运的共振"——华为的突围不仅是企业故事，更是中国科技自立自强的缩影。适用于"家国情怀""责任担当"等话题。','tech','tech-innovation','hot','2023年华为Mate 60系列发布','2026-04-21','approved');
INSERT OR IGNORE INTO materials(id,title,content,category_id,subcategory_id,type_id,source,created_at,status) VALUES('mmo84orz7t4za','算法推荐与信息茧房：你看到的"世界"是谁选的？','刷短视频时，推荐内容越来越"懂你"；看新闻时，推送观点越来越"顺眼"。算法推荐让信息获取变得高效便捷，却也悄然为我们编织了一层"信息茧房"——你看到的世界，其实是算法选择后的世界。

以短视频平台为例，算法会根据你的停留时长、点赞、评论等行为，不断优化推荐策略，形成"你爱看什么就推什么"的正反馈循环。结果是什么？不同声音被屏蔽，多元视角被消解，人们沉浸在自己观点的"回音壁"中，越来越坚信自己看到的就是全部真相。你以为的"主动选择"，可能不过是算法的"精心安排"——算法塑造人的深刻命题，已经触及了每一个现代人的日常生活。

【论证角度】
角度一"独立思考是人的尊严"——当算法替你"思考"，独立判断的能力就在萎缩。适用于"独立思考""自由意志"等话题。
角度二"技术中立论的局限"——技术并非中立，算法背后有商业利益和价值取向。适用于"技术与人""工具理性批判"等话题。
角度三"信息素养是新时代的基本功"——面对算法，需要的不是拒绝技术，而是学会批判性地使用技术。适用于"学习""素养""适应时代"等话题。
角度四"多元视角的价值"——茧房的危害在于"只听一种声音"，而真理往往在碰撞中显现。适用于"包容""多元""对话"等话题。','tech','tech-ethics','hot','社会热点观察','2026-04-21','approved');
INSERT OR IGNORE INTO materials(id,title,content,category_id,subcategory_id,type_id,source,created_at,status) VALUES('mmo84orz7bgob','C919大型客机：中国翅膀飞上蓝天','2024年，国产C919大型客机正式投入商业运营，先后在东航、国航、南航等多家航空公司执飞航线，累计安全运送旅客超过100万人次。从2007年项目立项到2024年商业载客，C919走过了17年的漫漫征途，其间攻克了空气动力学设计、航空材料、飞控系统等上百项核心技术难题。

C919总设计师吴光辉曾感慨："大飞机是工业皇冠上的明珠，每一个零件都承载着中国制造业的梦想。"在这架飞机背后，是22个省份、200多家企业、数十万航空人共同参与的"举国之力"。从运-10的遗憾搁浅到C919的成功商用，中国航空工业用半个世纪的坚持证明了：大国重器，必须掌握在自己手中。

【论证角度】
角度一"长期主义的胜利"——17年磨一剑，C919的故事说明真正的突破需要时间的沉淀。适用于"坚持""长期主义""厚积薄发"等话题。
角度二"从追赶到引领的跨越"——C919打破了波音、空客的垄断格局，中国从"买飞机"变为"造飞机"。适用于"自强""追赶与超越"等话题。
角度三"个人理想与国家使命的交汇"——数十万航空人将个人梦想融入国家战略，体现了"小我"与"大我"的统一。适用于"家国情怀""责任担当"等话题。
角度四"失败是成功之母"——运-10的搁浅并非终结，而是为C919积累了宝贵的经验教训。适用于"挫折与成长""继承与发展"等话题。','tech','tech-innovation','story','2024年C919大型客机商业运营','2026-04-21','approved');
INSERT OR IGNORE INTO materials(id,title,content,category_id,subcategory_id,type_id,source,created_at,status) VALUES('mmo84orz78tcj','AI时代的学习革命：知识触手可及，问题会消失吗？','当AI能一秒内生成千字文章、解答高数难题，我们还需要自己思考吗？"随着互联网的普及、人工智能的应用，越来越多的问题能很快得到答案。那么，我们的问题是否会越来越少？"。这道题精准击中了AI时代最核心的教育命题。

答案显然是否定的。AI能给出答案，但提出好问题才是真正的能力。当ChatGPT能在一秒内生成千字文章，当DeepSeek能解答高数难题，死记硬背的知识不再是核心竞争力。那么什么才是？是批判性思维——能分辨AI给出的答案是否正确；是创新能力——能提出AI想不到的新问题；是价值判断——能在AI的建议中做出符合人性的选择。正如爱因斯坦所言："教育就是当一个人把在学校所学全部忘光之后剩下的东西。"AI时代的教育，不是教学生记住更多答案，而是教会他们提出更好的问题。

【论证角度】
角度一"提问比回答更重要"——AI时代答案廉价，好问题才是稀缺能力。适用于"思辨""学习的本质"等话题。
角度二"知识不等于智慧"——获取信息的速度变快，不代表理解变深。适用于"知与行""深度思考"等话题。
角度三"技术解放而非替代思维"——AI是工具而非主人，关键在于人如何使用它。适用于"技术与人""工具理性"等话题。
角度四"教育的根本使命"——当知识触手可及，教育应回归培养思维、品格和判断力的本源。适用于"教育""成长""学习的意义"等话题。','tech','tech-ethics','hot','2024年新课标I卷高考作文题延伸思考','2026-04-21','approved');
INSERT OR IGNORE INTO materials(id,title,content,category_id,subcategory_id,type_id,source,created_at,status) VALUES('mmo84orz70g3c','比亚迪与王传福：新能源赛道上的中国速度','2024年，比亚迪全年销量突破427万辆，不仅蝉联全球新能源汽车销量冠军，更超越本田、日产等传统巨头，跻身全球汽车销量前五。从2003年跨界进入汽车行业时的不被看好，到如今在60多个国家和地区销售，比亚迪用21年诠释了"长期主义"的真正含义。

创始人王传福出身贫寒，13岁丧父，靠嫂子变嫁妆供他读书。从研究院辞职下海，从做电池起家，他坚持"技术为王、创新为本"的理念。当合资品牌主导中国汽车市场时，比亚迪选择了最难的路——从电池、电机到电控，全部掌握核心技术。王传福说："我们不是在追赶，而是在定义未来。"2024年，比亚迪第五代DM混动技术发布，百公里油耗仅2.9升，再次刷新行业纪录。这种"把冷板凳坐热"的坚持，正是中国制造从"大"到"强"的缩影。

【论证角度】
角度一"长期主义的力量"——21年深耕一个赛道，从无人问津到世界冠军。适用于"坚持""厚积薄发""长期主义"等话题。
角度二"核心技术是护城河"——比亚迪掌握全产业链核心技术，才能在竞争中立于不败之地。适用于"自主创新""核心竞争力"等话题。
角度三"出身不能定义未来"——王传福从贫寒少年到世界级企业家，用奋斗改写了命运。适用于"奋斗""改变命运""逆境成长"等话题。
角度四"中国制造的全球自信"——从"中国制造"到"中国创造"，比亚迪出海代表了新时代的中国力量。适用于"文化自信""中国力量""走向世界"等话题。','tech','tech-innovation','story','比亚迪新能源汽车发展历程','2026-04-21','approved');
INSERT OR IGNORE INTO materials(id,title,content,category_id,subcategory_id,type_id,source,created_at,status) VALUES('mmo84orz7t0tv','科技报国名言金句','【使用指南】以下名言按论证主题分类，每条标注了适用场景，方便在作文中精准引用。

◆ 关于"创新"
①"创新是一个民族进步的灵魂，是一个国家兴旺发达的不竭动力。"——适用于论证创新的战略意义，可放在文章开头破题。
②"科学的灵感，决不是坐等可以等来的。如果说科学上的发现有什么偶然的机遇的话，那么这种偶然的机遇只能给那些学有素养的人，给那些善于独立思考的人，给那些具有锲而不舍的精神的人。"——华罗庚。适用于论证"坚持与机遇""厚积薄发"，适合在论述段引用。

◆ 关于"报国"
③"我的事业在中国，我的成就在中国，我的归宿在中国。"——钱学森。适用于论证"家国情怀""个人选择与国家命运"，特别适合结尾升华主题。
④"我们要有攀登科学高峰的勇气和信心，中国人不比外国人笨。"——钱学森。适用于论证"自信""自强"，可在反驳"崇洋媚外"时引用。

◆ 关于"自力更生"
⑤"核心技术靠化缘是要不来的，必须靠自力更生。"——适用于论证"自主创新""科技自立"，可与华为芯片突围等素材搭配使用。
⑥"科学技术是第一生产力。"——适用于总论科技的重要性，多用于文章开篇立论。','tech','tech-innovation','quote','经典名言汇编','2026-04-21','approved');
INSERT OR IGNORE INTO materials(id,title,content,category_id,subcategory_id,type_id,source,created_at,status) VALUES('mmo88p4q8l6fg','幸存者偏差：看不见的弹痕才是致命的','二战期间，美军军方调查了返航战机上的弹痕分布，发现机翼和机身弹痕密集，于是决定加固这些部位。统计学家亚伯拉罕·沃德力排众议，指出恰恰应该加固弹痕最少的部位——引擎和油箱。原因很简单：这些部位中弹的飞机，根本没能返航。军方看到的只是"幸存者"，而真正的答案藏在那些沉默的"未幸存者"身上。事实证明，沃德是正确的。

它揭示了一个深刻的认知陷阱：我们容易被眼前"看得见"的证据所迷惑，而忽略了"看不见"的真相。日常生活中，幸存者偏差无处不在——成功者的经验被广泛传播，而失败者同样做过那些事却无人知晓；名校毕业生的故事被反复讲述，而辍学者的艰辛却鲜有人提及。

【论证角度】
角度一"全面思考的重要性"——只看幸存者会得出错误结论，真正的智慧在于看见"看不见"的部分。适用于"全面与片面""深入思考"等话题。
角度二"质疑权威的勇气"——沃德敢于挑战军方共识，体现了独立思考的价值。适用于"独立思考""质疑精神"等话题。
角度三"沉默的真相"——最关键的信息往往不在最显眼处，学会倾听"沉默的声音"。适用于"表象与本质""倾听"等话题。
角度四"数据背后的逻辑"——数据本身不会说话，真正读懂数据需要思维深度。适用于"理性思考""方法论"等话题。','philosophy','phil-dialectic','hot','2018年全国卷II高考作文题','2026-04-21','approved');
INSERT OR IGNORE INTO materials(id,title,content,category_id,subcategory_id,type_id,source,created_at,status) VALUES('mmo88p4qbgbct','本手、妙手、俗手：围棋中的人生哲理','

这三个词映射到人生中，道理一模一样。"本手"是基本功、是踏实积累、是按部就班地努力；"妙手"是灵感迸发、是一鸣惊人的高光时刻；"俗手"则是急功近利、投机取巧导致的短视行为。多少人在没有打好基础时就急于追求"妙手"，结果弄巧成拙？正如建筑需要深厚的地基，树木需要扎实的根系，一切看似"妙"的成就，背后都是无数"本"的累积。

【论证角度】
角度一"基础决定高度"——没有本手的积累就没有妙手的绽放，厚积才能薄发。适用于"基础与突破""厚积薄发"等话题。
角度二"急功近利的危害"——跳过本手追求妙手，最终只能下出俗手。适用于"欲速则不达""踏实做事"等话题。
角度三"守正才能出奇"——"守正"是本手，"出奇"是妙手，守正方能出奇是永恒的规律。适用于"守正创新""正道"等话题。
角度四"平凡中的非凡"——本手看似平凡，但持续做好本手本身就是一种非凡。适用于"平凡与伟大""坚持"等话题。','philosophy','phil-tradeoff','hot','2022年新高考I卷作文题','2026-04-21','approved');
INSERT OR IGNORE INTO materials(id,title,content,category_id,subcategory_id,type_id,source,created_at,status) VALUES('mmo88p4qb4pmx','一花独放不是春：多元共存的世界观','"吹灭别人的灯，并不会让自己更加光明；阻挡别人的路，也不会让自己行得更远。""一花独放不是春，百花齐放春满园。"这两句看似朴实的话语，却蕴含着深刻的哲学智慧。

自然界中，单一物种的生态系统最为脆弱。一片只有松树的森林，一场虫害就能将其摧毁；而物种丰富的雨林，反而在千万年的风雨中生生不息。人类社会同理——文明因交流而多彩，因互鉴而丰富。盛唐之所以辉煌，正是因为它以海纳百川的胸襟拥抱了丝路上的多元文化；而闭关锁国的晚清，则用血的代价证明了"唯我独尊"的灾难性后果。

在个人层面，这个道理同样适用：一个人的成长需要不同观点的碰撞，一个团队的力量来自不同人才的互补。排斥异己、固步自封，看似保护了自己，实际上扼杀了进步的可能。

【论证角度】
角度一"多元与包容"——单一化是脆弱的根源，多样性是生命力的保障。适用于"包容""多元""和而不同"等话题。
角度二"竞争不是零和博弈"——吹灭别人的灯不会让自己更光明，合作共赢才是正道。适用于"竞争与合作""共赢"等话题。
角度三"个人与群体的关系"——个体的价值在群体中得到彰显，"独木不成林"。适用于"个人与集体""团结"等话题。
角度四"开放与封闭的辩证"——开放带来活力，封闭导致衰亡。适用于"开放""交流""闭关锁国的教训"等话题。','philosophy','phil-contradict','hot','2023年全国乙卷高考作文题','2026-04-21','approved');
INSERT OR IGNORE INTO materials(id,title,content,category_id,subcategory_id,type_id,source,created_at,status) VALUES('mmo88p4qb7x3k','物各有性，五味调和：差异中的和谐','水至淡，盐得味。水加水还是水，盐加盐还是盐。酸甜苦辣咸五味调和，共存相生，百味纷呈。物如此，事犹是，人亦然。

这段话的哲学深度在于：它既承认差异的客观存在（"物各有性"），又指出了差异之间和谐共处的可能（"五味调和"）。水的淡不是缺点，盐的咸不是优点——它们各有不可替代的价值。但当水与盐、酸与甜、苦与辣相遇，不是互相消灭，而是相互成就，创造出比任何单一味道都丰富的"百味"。

这一哲理在现实中处处可见。一个优秀的团队不需要每个人都一样强，而是需要不同能力的人互补配合。一个文明的社会不需要消灭差异，而是让不同声音在对话中形成共识。正如费孝通先生所言："各美其美，美人之美，美美与共，天下大同。"

【论证角度】
角度一"尊重差异"——每种"性"都有其独特价值，差异不是对立的理由，而是互补的基础。适用于"尊重""差异""个性"等话题。
角度二"和谐共生"——调和不是消灭差异，而是让差异在共存中产生新的价值。适用于"和而不同""共生"等话题。
角度三"整体大于部分之和"——五味调和产生的"百味"超越了任何单一味道，这是系统的力量。适用于"协作""系统思维"等话题。
角度四"中庸之道的当代启示"——调和需要把握"度"，既不能过也不能不及。适用于"中庸""平衡""度"等话题。','philosophy','phil-contradict','hot','2019年江苏卷高考作文题','2026-04-21','approved');
INSERT OR IGNORE INTO materials(id,title,content,category_id,subcategory_id,type_id,source,created_at,status) VALUES('mmo88p4qcm13s','得与失：终点、起点还是过程？','有人把得与失看成终点，有人把得与失看成起点，有人把得与失看成过程。三种态度，直击人生的终极命题。

三种态度，三种人生。"看成终点"的人，容易在得到后止步不前、在失去后一蹶不振——因为对他来说，故事已经结束了。"看成起点"的人，得失只是新的出发——得到的经验成为下次攀登的阶梯，失去的沉淀为更深的底气。而"看成过程"的人，则超越了得失本身——他明白人生不是一场结算表，而是一条流动的河，每一刻的得失都是河中的一朵浪花，既不永久也不虚幻。

苏轼在《赤壁赋》中早已给出了答案："盖将自其变者而观之，则天地曾不能以一瞬；自其不变者而观之，则物与我皆无尽也。"得失的本质不在于你拥有了什么、失去了什么，而在于你如何看待这段经历。

【论证角度】
角度一"心态决定人生"——同样的得失，看成终点则痛苦，看成过程则从容，心态决定一切。适用于"心态""人生态度"等话题。
角度二"过程比结果重要"——人生的意义不在终点站的得失，而在旅途中的成长。适用于"过程与结果""成长"等话题。
角度三"得失的辩证转换"——今天的"得"可能是明天的"失"，反之亦然，塞翁失马焉知非福。适用于"辩证思维""福祸相依"等话题。
角度四"超越得失的智慧"——不被得失绑架，才能获得真正的自由。适用于"超然""自由""豁达"等话题。','philosophy','phil-tradeoff','hot','2021年浙江卷高考作文题','2026-04-21','approved');
INSERT OR IGNORE INTO materials(id,title,content,category_id,subcategory_id,type_id,source,created_at,status) VALUES('mmo88p4qca9lr','变与不变：故宫博物院的单霁翔','2012年，单霁翔出任故宫博物院院长。当时的故宫面临诸多困境：大量文物深锁库房不见天日，游客体验粗糙，商业气息冲淡了文化氛围。单霁翔做了一个决定：既要"变"，也要"不变"。

"变"的是方式——他大刀阔斧地推行改革：清理违章建筑、扩大开放面积、开发文创产品、引入数字化技术。故宫口红、《我在故宫修文物》纪录片、数字故宫小程序……古老的紫禁城以年轻人喜闻乐见的方式"活"了起来。开放面积从30%提升到80%，年接待游客突破1900万人次。"不变"的是初心——无论形式如何创新，保护文物、传承文化的使命从未改变。单霁翔用脚步丈量了故宫的每一寸土地，走破了20多双布鞋，对187万件文物如数家珍。

变的是"术"，不变的是"道"。这正是中华文化几千年的生存密码：在变中求存，在不变中守正。

【论证角度】
角度一"变与不变的辩证"——变的是方法，不变的是初心，二者缺一不可。适用于"变与不变""守正创新"等话题。
角度二"让传统活在当下"——真正的传承不是把文物锁在柜子里，而是让它在新时代焕发生命力。适用于"传承与创新""文化生命力"等话题。
角度三"用脚步丈量责任"——单霁翔走破20多双布鞋的细节，体现了"知行合一"的实干精神。适用于"责任""实干""坚守"等话题。
角度四"改变需要勇气"——在故宫搞文创曾被视为"不务正业"，但单霁翔顶住压力推动了变革。适用于"勇气""改革""突破"等话题。','philosophy','phil-change','story','故宫博物院院长单霁翔的改革实践','2026-04-21','approved');
INSERT OR IGNORE INTO materials(id,title,content,category_id,subcategory_id,type_id,source,created_at,status) VALUES('mmo88p4qc9t91','时间的主人还是仆人：技术时代的反思','智能手机让我们随时处理工作、获取信息，看似"掌控"了时间。但与此同时，无数人被困在"永远在线"的状态中——深夜的工作群消息、永无尽头的信息流、一个接一个的短视频……你以为在利用碎片时间，其实是碎片时间吞噬了你。据调查，中国人日均手机使用时长超过5小时，年轻人更是接近8小时。智能手机让我们可以随时处理工作、获取信息，看似"掌控"了时间。但与此同时，无数人被困在"永远在线"的状态中——深夜的工作群消息、永无尽头的信息流、一个接一个的短视频……你以为在利用碎片时间，其实是碎片时间吞噬了你。据调查，中国人日均手机使用时长超过5小时，年轻人更是接近8小时。我们"节省"下来的时间，又被手机"偷"了回去。

更深层的哲学问题是：当我们把一切效率化、工具化，时间就从"生命的刻度"变成了"效率的度量"。我们越来越快，却越来越少停下来问自己：我匆匆赶往的目的地，真的是我想去的地方吗？

【论证角度】
角度一"工具的双面性"——技术既解放了人也束缚了人，关键在于人如何驾驭工具而非被工具驾驭。适用于"技术与人""工具理性"等话题。
角度二"快与慢的辩证"——越快不一定越好，有时候"慢下来"才是真正的智慧。适用于"快与慢""节奏"等话题。
角度三"自由意志与外在控制"——你以为的自由选择，可能只是算法和习惯的操控。适用于"自由""独立思考"等话题。
角度四"时间的哲学"——时间不仅是效率，更是生命本身的意义所在。适用于"生命的意义""时间观"等话题。','philosophy','phil-change','hot','2023年全国甲卷高考作文题','2026-04-21','approved');
INSERT OR IGNORE INTO materials(id,title,content,category_id,subcategory_id,type_id,source,created_at,status) VALUES('mmo88p4qc2lj6','哲理思辨名言金句','【使用指南】以下名言按思辨主题分类，每条标注了适用场景，方便在作文中精准引用。

◆ 关于"变与不变"
①"穷则变，变则通，通则久。"——《周易》。适用于论证"变通""创新求变"等话题，常用于开篇立论。
②"周虽旧邦，其命维新。"——《诗经》。适用于论证"传统与创新""守正出奇"等话题，可与故宫文创等素材搭配。

◆ 关于"矛盾与统一"
③"祸兮福之所倚，福兮祸之所伏。"——老子。适用于论证"福祸相依""辩证看待得失"等话题，是塞翁失马故事的哲学原点。
④"有无相生，难易相成，长短相形，高下相倾。"——老子。适用于论证"对立统一""相对论"等话题。

◆ 关于"辩证思维"
⑤"学而不思则罔，思而不学则殆。"——孔子。适用于论证"学与思的关系""独立思考"等话题。
⑥"横看成岭侧成峰，远近高低各不同。"——苏轼。适用于论证"视角的多元""换位思考"等话题，形象生动，适合开篇引用。

◆ 关于"得失取舍"
⑦"非淡泊无以明志，非宁静无以致远。"——诸葛亮。适用于论证"取舍""超然""内心定力"等话题，常用于结尾升华。','philosophy','phil-dialectic','quote','经典名言汇编','2026-04-21','approved');
INSERT OR IGNORE INTO materials(id,title,content,category_id,subcategory_id,type_id,source,created_at,status) VALUES('mmo88thdf2ci9','跨越百年的回信：从五四运动到新时代','从1919年五四集会上的呐喊，到1949年开国大典后的家书，从1979年"科学的春天"里的开学感悟，到2019年纪念五四百年的深情回望，再到2049年写给功勋人物的慰问信——五个历史时刻，串起了中国青年的百年奋斗史。这五个时间节点，让每一个思考者都能穿越百年与历史对话。

从1919年天安门前的呐喊到1949年天安门上的宣告，从1979年"科学的春天"到2019年的民族复兴，再到2049年的百年华诞——每一代青年都有自己的使命，每一代人都用热血和汗水回答了"我为何而生"的终极问题。百年前的青年以鲜血换来了民族觉醒，今天的青年以奋斗续写着复兴篇章。正如鲁迅所言："愿中国青年都摆脱冷气，只是向上走，不必听自暴自弃者流的话。能做事的做事，能发声的发声，有一分热，发一分光。"

【论证角度】
角度一"个人命运与国家命运"——每一代青年的人生选择都与国家命运交织，个体价值在时代洪流中得到升华。适用于"家国情怀""个人与时代"等话题。
角度二"使命传承"——从五四到新时代，青年的使命在变但精神不变，火炬代代相传。适用于"传承""使命""接力"等话题。
角度三"青年担当"——每个时代都召唤青年挺身而出，"生逢其时"不是幸运而是责任。适用于"责任""担当""青春"等话题。
角度四"历史的眼光"——站在历史长河中审视当下，才能看清自己的位置和方向。适用于"历史感""远见""格局"等话题。','patriotism','patriotism-mission','hot','2019年全国卷II高考作文题','2026-04-21','approved');
INSERT OR IGNORE INTO materials(id,title,content,category_id,subcategory_id,type_id,source,created_at,status) VALUES('mmo88thdjq27p','张桂梅：燃烧自己照亮大山','张桂梅，云南丽江华坪女子高级中学校长。她扎根贫困山区四十余年，创办全国第一所全免费的女子高中，帮助近两千名贫困山区女孩考入大学，改变了她们的命运。

张桂梅自己的人生充满苦难：中年丧夫，身患骨瘤、肺气肿等20多种疾病，每天要吃十几种药。但她从未放弃。每天凌晨5点起床，深夜巡视宿舍，手持小喇叭催促学生起床、上课、吃饭，风雨无阻。家访时，她走过11万公里的山路，走进1300多个学生的家庭。她的工资卡常年"入不敷出"——全部用在了学生身上。2021年，张桂梅被授予"七一勋章"。她是"中国面孔"中，那个"厚重防护服下疲惫的笑脸"之外，另一个闪亮的面孔。

【论证角度】
角度一"教育改变命运"——一所学校、一位校长，改变了近两千个家庭的命运轨迹。适用于"教育的力量""改变命运"等话题。
角度二"大爱无私"——她把全部工资、全部健康、全部人生都给了学生，爱到极致便是信仰。适用于"奉献""大爱""无私"等话题。
角度三"信念的力量"——身患20多种疾病仍坚持工作，支撑她的不是身体而是信念。适用于"信念""坚持""精神力量"等话题。
角度四"平凡中的伟大"——她做的事看似平凡——教书、家访、陪读——但日复一日的坚守本身便是最了不起的伟大。适用于"平凡与伟大""坚守"等话题。','patriotism','patriotism-rolemodel','story','张桂梅事迹及七一勋章','2026-04-21','approved');
INSERT OR IGNORE INTO materials(id,title,content,category_id,subcategory_id,type_id,source,created_at,status) VALUES('mmo88thdjqlh3','中国面孔：每一个你都在定义这个国家','杜甫的家国情怀、屠呦呦的中医药贡献、医务工作者厚重防护服下疲惫的笑脸、快递小哥在寂静街巷里传送温暖的双手——而这些面孔在那年春天有了全新的含义。那一年，4.2万名医务人员逆行武汉，全国340多支医疗队星夜驰援。他们中有年逾八旬的钟南山，挤在餐车上赶赴武汉的身影成为那一年最令人动容的画面；有写下"不计报酬，无论生死"请战书的年轻护士；有十天建成火神山医院的建筑工人；也有在大街小巷穿梭送菜送药的快递小哥。每一张面孔都普通，每一张面孔都了不起。

【论证角度】
角度一"平凡人的力量"——国家形象不是由少数伟人定义的，而是由千千万万普通人的选择汇聚而成。适用于"平凡与伟大""普通人"等话题。
角度二"家国情怀的当代注解"——爱国不是抽象的口号，而是在关键时刻的具体行动。适用于"家国情怀""责任担当"等话题。
角度三"个体与时代的共振"——每个人的面孔都是时代的一面镜子，时代也需要每个人的面孔。适用于"个人与时代""使命"等话题。
角度四"团结的力量"——每一张面孔虽然微小，但汇聚在一起就形成了不可战胜的力量。适用于"团结""凝聚力""众志成城"等话题。','patriotism','patriotism-spirit','hot','2020年天津卷高考作文题','2026-04-21','approved');
INSERT OR IGNORE INTO materials(id,title,content,category_id,subcategory_id,type_id,source,created_at,status) VALUES('mmo88thdj3otx','跨越再跨越：从2008到2022的双奥之城','GDP从31.4万亿到114.4万亿，比赛成绩、群众体育、科技亮点、交通支持全面跨越——从2008年夏奥会到2022年冬奥会，14年间中国的发展写满了"跨越"二字。双奥之城的时代脉搏，在14年间跳动得如此有力。

从2008年的"同一个世界，同一个梦想"到2022年的"一起向未来"，两次奥运会相隔14年，却仿佛隔了一个时代。2008年，我们急于向世界证明"中国能行"，开幕式上两千零八面缶声如雷，是在宣告中国的到来。2022年，我们从容地讲述"中国故事"，开幕式上一朵雪花轻柔飘落，二十四节气倒计时美得惊艳世界——从"我来了"到"我在这里"，从证明自己到展示自信，这种心态的变化，恰恰是一个大国从"站起来"到"强起来"最真实的写照。

【论证角度】
角度一"从追赶者到引领者"——14年间，中国在体育、经济、科技等领域的跨越式发展，体现了从"跟跑"到"领跑"的转变。适用于"自强""追赶与超越"等话题。
角度二"自信的进阶"——2008年的张扬与2022年的从容，折射出国民心态的成熟和自信。适用于"自信""从容""大国心态"等话题。
角度三"时代与个人的共振"——题目中提到"你也从懵懂儿童成长为有为青年"，个人成长与国家发展同步。适用于"个人与时代""成长"等话题。
角度四"永不止步"——"跨越，再跨越"意味着每一次跨越都不是终点，而是新的起点。适用于"进取""永不止步""卓越"等话题。','patriotism','patriotism-revive','hot','2022年全国乙卷高考作文题','2026-04-21','approved');
INSERT OR IGNORE INTO materials(id,title,content,category_id,subcategory_id,type_id,source,created_at,status) VALUES('mmo88thdjk8py','袁隆平：让中国人端牢自己的饭碗','袁隆平，杂交水稻之父，一生致力于杂交水稻技术的研究与推广。他常说："我毕生的追求就是让所有人远离饥饿。"即使年过九旬，他仍坚持下田察看水稻长势，直到2021年5月22日与世长辞。

很少有人知道，袁隆平的杂交水稻之路充满坎坷。1960年代，他提出杂交水稻设想时，国际权威学界认为"水稻等自花授粉作物没有杂交优势"，他的研究被嘲笑为"异想天开"。但他坚持做了上千次试验，终于在1970年在海南发现了一株天然雄性不育野生稻——"野败"，以此为突破口，成功培育出三系杂交水稻，使中国水稻亩产从300公斤提升到超过1100公斤。如今，杂交水稻已在数十个国家推广种植，每年养活数亿人口。袁隆平用一粒种子改变了世界，将论文写在了祖国的大地上。

【论证角度】
角度一"坚持的力量"——面对国际权威的否定和国内同行的不解，袁隆平坚持了几十年，最终改变了世界。适用于"坚持""不畏艰难"等话题。
角度二"科学精神"——不迷信权威、不畏惧失败，用事实和数据说话，这是真正的科学态度。适用于"科学精神""质疑与创新"等话题。
角度三"将论文写在祖国大地上"——他没有追求学术头衔和海外荣誉，而是把科研成果写在稻田里、写进农民的丰收里。适用于"实干""知行合一""家国情怀"等话题。
角度四"一个人的梦想与全人类的福祉"——"让所有人远离饥饿"，这个朴素的梦想惠及了数十个国家。适用于"梦想""人类命运"等话题。','patriotism','patriotism-rolemodel','story','袁隆平杂交水稻研究历程','2026-04-21','approved');
INSERT OR IGNORE INTO materials(id,title,content,category_id,subcategory_id,type_id,source,created_at,status) VALUES('mmo88thdjwqfw','歌唱与沉默：三个文本中的家国深情','老舍《鼓书艺人》中"他想要给孩子们唱上一段，可是心里直翻腾，开不了口"；艾青《我爱这土地》中"我也应该用嘶哑的喉咙歌唱"；穆旦《赞美》中"我要以带血的手和你们一一拥抱，因为一个民族已经起来"——三段文本，三种声音，共同奏响了一部民族情感的交响曲。

三段文本，三种声音，共同奏响了一部民族情感的交响曲。老舍的"唱不了"是悲恸到极致的沉默——当苦难深重到无法言说，沉默本身就是最深沉的歌唱。艾青的"嘶哑的喉咙"是执着到极致的表达——嗓子可以嘶哑，但歌唱不会停止，因为对这片土地的爱太过深沉。穆旦的"带血的手"是激昂到极致的拥抱——一个民族从苦难中站起来了，那份喜悦值得用血和泪去拥抱。

从沉默到嘶哑到拥抱，三种姿态勾勒出中华民族从苦难到觉醒再到崛起的精神图谱。

【论证角度】
角度一"沉默的力量"——有时候不说比说更有力量，"唱不了"不是无话可说，而是情到深处无法言表。适用于"沉默与表达""情感的深度"等话题。
角度二"苦难中的歌唱"——在至暗时刻依然选择歌唱，是人性中最不屈的力量。适用于"逆境中的坚守""精神力量"等话题。
角度三"个人情感与民族命运"——三个文本中的"我"都是个体，但每个个体的情感都与民族命运深度绑定。适用于"家国情怀""个人与国家"等话题。
角度四"表达方式的多重可能"——歌唱、沉默、拥抱都是表达，不同的情境需要不同的表达方式。适用于"表达的多样性""沟通"等话题。','patriotism','patriotism-spirit','hot','2025年全国一卷高考作文题','2026-04-21','approved');
INSERT OR IGNORE INTO materials(id,title,content,category_id,subcategory_id,type_id,source,created_at,status) VALUES('mmo88thdkkyaa','家国情怀名言金句','【使用指南】以下名言按主题分类，每条标注了适用场景，方便在作文中精准引用。

◆ 关于"爱国"
①"苟利国家生死以，岂因祸福避趋之。"——林则徐。适用于论证"个人与国家""责任担当"，特别适合在需要表达"舍小我为大我"时引用。
②"位卑未敢忘忧国。"——陆游。适用于论证"每个人都有爱国的责任"，可在论述"普通人的担当"时引用。
③"为什么我的眼里常含泪水？因为我对这土地爱得深沉。"——艾青。适用于论证"深沉的爱国情感"，常用于文章结尾升华。

◆ 关于"使命担当"
④"天下兴亡，匹夫有责。"——顾炎武。适用于论证"每个人的责任"，通俗易懂，可放在开篇立论。
⑤"为中华之崛起而读书。"——周恩来。适用于论证"青年使命""学习目的"，特别适合与青春成长主题结合。
⑥"横眉冷对千夫指，俯首甘为孺子牛。"——鲁迅。适用于论证"风骨与奉献"的统一，"横眉"是对敌人的态度，"俯首"是对人民的态度。','patriotism','patriotism-spirit','quote','经典名言汇编','2026-04-21','approved');
INSERT OR IGNORE INTO materials(id,title,content,category_id,subcategory_id,type_id,source,created_at,status) VALUES('mmo88xb7lzbyd','"老腔"何以让人震撼：黄土地上的生命呐喊','陈忠实在《白鹿原上奏响一支老腔》中写道，老腔的演出每每"撼人胸腑"，令人有"酣畅淋漓"之感。某种意义上，"老腔"已超越其艺术形式本身，成为一种象征——这追问的正是传统艺术的当代表达。

华阴老腔，被誉为"中国古代摇滚"，起源于西汉，是黄河岸边船工们拉纤喊号子演变而来的民间艺术。表演者手持板凳、惊木等简单器物，声嘶力竭地唱出黄土地的苍凉与豪迈。它没有华丽的舞台，没有精致的乐器，只有几位老人坐在板凳上，用最原始的方式发出最震撼的声音——那是几千年的黄土文明在呐喊。

然而，就是这样一门震撼人心的艺术，一度濒临失传。直到2006年入选国家级非遗名录，直到话剧《白鹿原》将老腔搬上舞台，直到2016年春晚的惊艳亮相，它才重新回到大众视野。老腔的命运，折射出传统文化在当代的生存困境与重生的可能。

【论证角度】
角度一"原始的力量"——老腔震撼人心不是因为它精致，恰恰因为它粗犷、真实、不加修饰，生命力在于"真"。适用于"真实与虚假""返璞归真"等话题。
角度二"传统文化的危机与重生"——一门传承千年的艺术差点消失，又在新时代找到新的舞台，命运引人深思。适用于"传承与创新""文化保护"等话题。
角度三"越是民族的越是世界的"——老腔从黄河岸边走到春晚舞台，证明传统文化的力量不会因时代变迁而消退。适用于"文化自信""民族与世界"等话题。
角度四"艺术的生命力在于人民"——老腔出自船工号子，根植于民间生活，艺术最高的境界是与人民同呼吸。适用于"人民性""生活与艺术"等话题。','culture','culture-heritage','story','2016年北京卷高考作文题','2026-04-21','approved');
INSERT OR IGNORE INTO materials(id,title,content,category_id,subcategory_id,type_id,source,created_at,status) VALUES('mmo88xb7o3knu','寻找"中国味"：在异域中重新发现自我','"倾听了不同国家的音乐，接触了不同风格的异域音调，由此我对音乐的''中国味''有了更深刻的感受，从而更有意识地去寻找''中国味''。"这段耐人寻味的文字，揭示了一个深刻的认知规律。

这段话蕴含着一个深刻的认知规律：我们往往需要先走出"自己"，才能看清"自己"。就像一个人从小吃中餐不觉得特别，但当他品尝了法国大餐、日本料理、意大利面之后，才会真正理解什么是"中国味道"。不仅是食物，文化也是如此。只有了解世界的多样性，才能更深刻地认识中华文化的独特价值。

费孝通先生的名言在此堪称经典："各美其美，美人之美，美美与共，天下大同。"先认识自己的美（各美其美），再欣赏他人的美（美人之美），让不同的美共存共荣（美美与共），最终达到天下大同的境界。这不是文化自卑，也不是文化傲慢，而是一种建立在充分了解基础上的文化自信。

【论证角度】
角度一"他者之镜"——认识自己往往需要借助外部的参照，走出舒适区才能看清自己的轮廓。适用于"自我认知""走出去"等话题。
角度二"文化自信的真正含义"——自信不是关起门来自说自话，而是在充分了解世界之后依然热爱自己的文化。适用于"文化自信""开放"等话题。
角度三"交流是理解的起点"——没有交流和比较，就没有真正的理解和欣赏。适用于"交流""对话""文明互鉴"等话题。
角度四"寻根的当代意义"——在全球化时代，寻找"中国味"不是守旧，而是在多元中保持自我。适用于"根""传承""身份认同"等话题。','culture','culture-confident','hot','2019年上海卷高考作文题','2026-04-21','approved');
INSERT OR IGNORE INTO materials(id,title,content,category_id,subcategory_id,type_id,source,created_at,status) VALUES('mmo88xb7pok4s','大观园题匾：从移用、化用到独创','为桥上亭子题名时，有人从欧阳修《醉翁亭记》取"翼然"二字——直接移用；贾政从"泻出于两峰之间"取"泻"字——借鉴化用；贾宝玉则取"沁芳"二字——根据情境独创。"沁芳"既点出花木映水的佳境，又契合元妃省亲之意，不落俗套，贾政点头默许。这段经典情节揭示了创造的三重境界。

三种题名方式，代表了三种创造境界。移用是最容易的——照搬前人的成果，看似稳妥实则缺乏个性。化用进了一步——在前人基础上做调整，有了自己的思考但尚未突破框架。独创则需要对情境的深刻理解和非凡的审美能力——"沁芳"二字不仅美，更美得恰如其分，美得不可替代。

曹雪芹写这段情节，何尝不是在隐喻创作之道？从模仿到化用再到创新，这是每一个学习者必经的成长路径。推而广之，科学探索、技术攻关、文化建设，莫不遵循这一规律。

【论证角度】
角度一"学习的三重境界"——移用（模仿）、化用（改进）、独创（创新），学习的过程就是不断超越的过程。适用于"学习之道""创新路径"等话题。
角度二"情境的重要性"——"沁芳"之所以胜出，因为它契合具体情境，脱离了情境的创新是空中楼阁。适用于"因地制宜""具体问题具体分析"等话题。
角度三"传承与创新的关系"——没有"翼然""泻玉"在前面的铺垫，就没有最终"沁芳"的精彩。创新不是无源之水，它站在传承的肩膀上。适用于"传承与创新""守正出奇"等话题。
角度四"审美能力是一种核心素养"——贾宝玉能想出"沁芳"，靠的是深厚的文化修养和敏锐的审美感知。适用于"审美""素养""文化底蕴"等话题。','culture','culture-classics','hot','2022年全国甲卷高考作文题','2026-04-21','approved');
INSERT OR IGNORE INTO materials(id,title,content,category_id,subcategory_id,type_id,source,created_at,status) VALUES('mmo88xb7pv9sr','樊锦诗：敦煌的女儿，数字时代的守窟人','樊锦诗，1963年从北京大学历史系毕业，本可以留在北京，但她选择了敦煌。这一选择，就是半个多世纪。

在敦煌莫高窟，她面对的是大漠戈壁、缺水少电、风沙弥漫的极端环境。吃的是咸水煮的面，住的是没有暖气的土房，用的是煤油灯。许多同期来的同事陆续离开，但樊锦诗留了下来，从一个风华正茂的北大才女变成了白发苍苍的"敦煌女儿"。

更令人敬佩的是，她不只是一个守护者，更是一个创新者。2000年代，她敏锐地意识到数字化是保护敦煌的必由之路，力排众议推动了"数字敦煌"项目。通过高精度摄影和三维建模，将492个洞窟的壁画和彩塑永久保存在数字世界中——即使有朝一日实体洞窟因自然老化而损毁，敦煌的艺术仍将在数字空间中永存。这是用最先进的技术保护最古老的文化，是"守正创新"最生动的注脚。

【论证角度】
角度一"选择的重量"——北大才女选择荒漠，这不是牺牲而是价值判断，她用一生证明了选择的正确。适用于"选择""人生价值"等话题。
角度二"坚守与创新并行"——她既坚守了保护文物的初心，又用数字化技术开辟了新的保护路径，守正与创新并不矛盾。适用于"守正创新""坚守"等话题。
角度三"科技与文化的关系"——数字化保存让千年艺术永驻，技术不是文化的敌人，而是文化的盟友。适用于"科技与文化""传统与现代"等话题。
角度四"一生只做一件事"——半个多世纪只做保护敦煌这一件事，这种极致的专注本身就是最强大的力量。适用于"专注""长期主义""匠心"等话题。','culture','culture-heritage','story','敦煌研究院名誉院长樊锦诗事迹','2026-04-21','approved');
INSERT OR IGNORE INTO materials(id,title,content,category_id,subcategory_id,type_id,source,created_at,status) VALUES('mmo88xb7ps7ns','历久弥新：时间淬炼中的永恒价值','古老的经典常读常新，杰出的思想常用常新，中华民族的伟大精神亘古常新——很多事物，在时间的淬炼中，愈显活力和价值。"历久弥新"四个字，探讨的正是时间与价值的辩证关系。

什么是"历久弥新"？"历久"是经受了时间的考验，"弥新"是在时间中不断焕发新的生命力。关键在"弥"——不是"依然"（历久依然），而是"更加"（历久更胜）。《论语》两千五百年前的"学而不思则罔，思而不学则殆"，在AI时代不是过时了，而是更加振聋发聩。都江堰两千多年前修建的水利工程，至今仍在灌溉成都平原，不是勉强能用，而是依旧精妙。这些之所以"弥新"，是因为它们触及了事物最本质的规律——而本质不会过时。

反过来想，什么会被时间淘汰？是那些只追逐表面潮流、不触及本质的东西。网红美食三个月就过气，快时尚服装一年就落伍，但一桌精心烹制的家宴、一件手工缝制的衣裳，却能传递代代相传的温度。历久弥新的反面不是"旧"，而是"浅"。

【论证角度】
角度一"本质才能永恒"——经得起时间考验的，都是触及事物本质的东西。适用于"深度与表面""本质"等话题。
角度二"经典的当代价值"——真正的好东西不会因时代变迁而失去价值，反而在新语境中获得新的意义。适用于"经典的力量""传承"等话题。
角度三"时间是最好的过滤器"——历久弥新暗示了一个事实：大部分东西会随时间消逝，能留下的都是精华。适用于"时间""价值""筛选"等话题。
角度四"创新不等于抛弃传统"——历久弥新不是守旧，而是在理解传统精髓的基础上找到当代的表达。适用于"传统与现代""守正创新"等话题。','culture','culture-confident','hot','2024年北京卷高考作文题','2026-04-21','approved');
INSERT OR IGNORE INTO materials(id,title,content,category_id,subcategory_id,type_id,source,created_at,status) VALUES('mmo88xb7p2ovp','文化传承名言金句','【使用指南】以下名言按主题分类，每条标注了适用场景，方便在作文中精准引用。

◆ 关于"文化自信"
①"文化自信，是更基础、更广泛、更深厚的自信。"——适用于论证文化自信的战略意义，可在文章开头总论。
②"求木之长者，必固其根本；欲流之远者，必浚其泉源。"——魏征。适用于论证"根源""根基"的重要性，"根"就是文化。

◆ 关于"传承与创新"
③"问渠那得清如许？为有源头活水来。"——朱熹。适用于论证"传统是源头，创新是活水"，缺一不可。
④"周虽旧邦，其命维新。"——《诗经》。适用于论证"古老的国度可以有新的使命"，经典与革新并不矛盾。

◆ 关于"文明交流"
⑤"各美其美，美人之美，美美与共，天下大同。"——费孝通。适用于论证"文明互鉴""多元共存"，是文明交流话题的黄金引用。
⑥"海纳百川，有容乃大。"——林则徐。适用于论证"开放""包容"，简洁有力，适合开篇或结尾。','culture','culture-exchange','quote','经典名言汇编','2026-04-21','approved');
INSERT OR IGNORE INTO materials(id,title,content,category_id,subcategory_id,type_id,source,created_at,status) VALUES('mmo8915r73tfx','生逢其时：每一代人有每一代人的使命','每个人都生活在特定的时代。有人慨叹生不逢时，有人只愿安分随时，有人深感生逢其时、时不我待——三种态度，三种人生。"论生逢其时"，追问的正是人如何面对自己身处的时代。"生不逢时"是一种常见的抱怨——如果我早生几十年可以赶上改革开放，如果我晚生几十年可以享受AI时代的红利。但这种想法忽略了一个事实：每一个时代都有它的机遇和挑战，关键不在于你生在什么时候，而在于你如何面对自己的时代。正如正如"描红"漫画所示：一撇一捺写"人"字，起笔要"逆锋"，行笔要"中锋"，收笔要"停滞迂回"——写好一个"人"字尚且需要经历逆锋和迂回，何况过好一生？

2000年出生的"世纪宝宝"，2008年经历汶川地震，2020年经历新冠疫情，2024年走入社会——他们的青春与国家的风雨同频共振。这不是"生不逢时"，而是恰恰"生逢其时"——因为时代给了他们见证历史、参与变革的机会。

【论证角度】
角度一"态度决定命运"——同样的时代，"生不逢时""安分随时""生逢其时"三种态度带来截然不同的人生。适用于"人生态度""选择"等话题。
角度二"每一代人的使命"——不存在最好的时代，只有最好的回应，每代人都有自己的考卷要答。适用于"使命""责任""代际传承"等话题。
角度三"逆境是青春的磨刀石"——地震、疫情这些看似不幸的经历，恰恰锻造了这代人的韧性。适用于"逆境成长""磨砺"等话题。
角度四"个人与时代的共舞"——个人的成长轨迹与时代发展交织在一起，最好的选择是主动拥抱时代。适用于"个人与时代""拥抱变化"等话题。','youth','youth-choice','hot','2021年北京卷高考作文题','2026-04-21','approved');
INSERT OR IGNORE INTO materials(id,title,content,category_id,subcategory_id,type_id,source,created_at,status) VALUES('mmo8915raepas','中国女足逆转夺冠：铿锵玫瑰永不言弃','2022年女足亚洲杯决赛，中国女足在上半场0:2落后的绝境下，下半场连进三球，以3:2逆转韩国队夺冠。主教练水庆霞赛后说："我们从未放弃，因为我们是中国女足。"

这场比赛的细节远比比分更动人。上半场0:2落后时，所有人都以为大局已定。但中场休息时，水庆霞没有责备队员，而是平静地调整战术，告诉她们"还有45分钟"。下半场开场仅3分钟，唐佳丽罚入点球，点燃了反击的火种。随后她助攻张琳艳头球扳平，最后肖裕仪在补时阶段完成绝杀——从地狱到天堂，只用了45分钟。

中国女足的逆转精神并非凭空而来。从孙雯、刘爱玲那一代"铿锵玫瑰"的辉煌，到此后多年的低谷沉寂，女足姑娘们在待遇远不如男足的情况下始终没有放弃。她们在简陋的训练场上挥洒汗水，在无人关注的角落默默坚持，只为等待重新绽放的那一天。

【论证角度】
角度一"永不言弃"——0:2落后时没有放弃，45分钟内完成逆转，证明只要不放弃就永远有机会。适用于"坚持""不放弃""逆境翻盘"等话题。
角度二"团队的力量"——三个进球来自三个不同的球员，逆转不是一个人的英雄主义，而是团队协作的结晶。适用于"团队精神""协作"等话题。
角度三"低谷中的坚守"——辉煌后的低谷才是真正的考验，在无人关注时默默坚持需要更强大的内心。适用于"坚守""长期主义"等话题。
角度四"女性力量"——女足在艰苦条件下取得的成就，有力地回击了对女性体育的偏见。适用于"平等""女性力量""打破偏见"等话题。','youth','youth-dream','story','2022年女足亚洲杯决赛','2026-04-21','approved');
INSERT OR IGNORE INTO materials(id,title,content,category_id,subcategory_id,type_id,source,created_at,status) VALUES('mmo8915rai2uo','探索陌生世界：仅仅因为好奇心吗？','"一个人乐意去探索陌生世界，仅仅是因为好奇心吗？"这个问题看似简单，却触及了人类探索精神的深层动力。好奇心当然是起点。牛顿好奇苹果为什么落地，发现了万有引力；达尔文好奇物种为何如此多样，提出了进化论；屠呦呦好奇古籍中青蒿治疟的记载，提取了青蒿素。好奇心是推动人类认知边界的原始动力。

但仅仅好奇心够吗？显然不够。好奇心能让你迈出第一步，但只有信念和毅力才能让你走完万里长征。哥伦布因为好奇心出发，但支撑他在大西洋上漂泊70天的是对"到达东方"的信念。麦哲伦因为好奇心启航，但让他穿越风暴、饥饿和叛乱完成人类首次环球航行的，是"地球是圆的"这一坚定认知。徐霞客22岁出发游历，用34年走遍大半个中国，写下60万字的游记——好奇心让他出发，对山川地理的痴迷让他坚持了半辈子。

所以更准确的答案是：好奇心点燃火种，但让火焰持续燃烧的是热爱、信念、责任和对真理的追求。

【论证角度】
角度一"好奇心是起点而非全部"——好奇心重要，但不是唯一动力，探索需要更深层的精神支撑。适用于"好奇心""探索"等话题。
角度二"从好奇到热爱的进阶"——真正持久的探索动力来自热爱，热爱让艰难的路变得值得。适用于"热爱""坚持"等话题。
角度三"知行合一"——光有好奇不够，还需要行动力，把"想知道"变成"去找答案"。适用于"知与行""实践"等话题。
角度四"人类精神的永恒追求"——探索未知是刻在人类基因里的本能，是推动文明进步的根本力量。适用于"进步""探索精神""人类文明"等话题。','youth','youth-think','hot','2023年上海卷高考作文题','2026-04-21','approved');
INSERT OR IGNORE INTO materials(id,title,content,category_id,subcategory_id,type_id,source,created_at,status) VALUES('mmo8915ra36gl','安静一下不被打扰：青少年需要的成长空间','"安静一下不被打扰"——当代青少年在学习、生活中有时希望有一个自己的空间，放松、沉淀、成长。这个容易被忽视的话题，精准捕捉到了年轻人的真实状态。

这个题目精准地捕捉到了当代年轻人的真实状态。在"内卷"日益严重的今天，青少年的时间被安排得满满当当——学校里是连轴转的课程和考试，课外是各种补习班和竞赛，回家后还要面对家长的期望和社会的压力。社交媒体上，同龄人的优秀不断刷屏，制造着无形的焦虑。在这样一个"永远在跑"的环境中，"安静一下"不是偷懒，不是逃避，而是必要的自我修复和成长空间。

就像一棵树需要根系的安静伸展才能长出繁茂的枝叶，一个人也需要独处的时光来消化经历、整理思绪、沉淀智慧。中国古代文人深谙此道——陶渊明"采菊东篱下，悠然见南山"是一种安静的智慧，王维"行到水穷处，坐看云起时"是一种从容的境界。安静不是无所事事，而是在喧嚣中保持内心的清明。

【论证角度】
角度一"留白是成长的必需"——中国画讲究"计白当黑"，人生也需要留白，填满每一分钟不等于充实。适用于"留白""节奏""张弛有度"等话题。
角度二"内卷的反思"——当所有人都在加速时，懂得减速反而需要更大的勇气和智慧。适用于"快与慢""反思内卷"等话题。
角度三"独处的价值"——在群体中容易迷失自我，独处时才能听到内心的声音。适用于"独立思考""自我认知"等话题。
角度四"沉淀比冲刺更重要"——沉淀是把经历转化为智慧的过程，没有沉淀，冲刺只是盲目奔跑。适用于"沉淀""反思""厚积薄发"等话题。','youth','youth-growth','hot','2023年新课标II卷高考作文题','2026-04-21','approved');
INSERT OR IGNORE INTO materials(id,title,content,category_id,subcategory_id,type_id,source,created_at,status) VALUES('mmo8915rb744q','青春成长名言金句','【使用指南】以下名言按主题分类，每条标注了适用场景，方便在作文中精准引用。

◆ 关于"梦想与奋斗"
①"少年智则国智，少年强则国强。"——梁启超《少年中国说》。适用于论证"青年与国家"的关系，气势磅礴，适合开篇或结尾。
②"长风破浪会有时，直挂云帆济沧海。"——李白。适用于论证"坚持梦想""乐观向前"，是表达信心的经典引用。

◆ 关于"选择与担当"
③"人生自古谁无死，留取丹心照汗青。"——文天祥。适用于论证"选择""担当""气节"，在需要表达舍生取义时引用。
④"士不可以不弘毅，任重而道远。"——《论语》。适用于论证"责任""志向"，简洁有力，适合论述段引用。

◆ 关于"独立思考"
⑤"学而不思则罔，思而不学则殆。"——孔子。适用于论证"学与思的关系"，是批判盲从和空想的双重武器。
⑥"博学之，审问之，慎思之，明辨之，笃行之。"——《中庸》。适用于论证"完整的求知路径"，五步层层递进，逻辑严密。','youth','youth-dream','quote','经典名言汇编','2026-04-21','approved');
INSERT OR IGNORE INTO materials(id,title,content,category_id,subcategory_id,type_id,source,created_at,status) VALUES('mmo894dq844dw','外卖小哥彭清林：纵身一跃见勇毅','2023年6月，杭州外卖小哥彭清林在送单途中，看到有人落水。没有犹豫，他从12米高的钱塘江大桥上一跃而下，成功救起落水者。事后他说："我只是一个普通人，做了该做的事。"这一跳，跳出了平凡人的英雄本色。

12米有多高？相当于四层楼。专业跳水运动员都极少从这样的高度跳下，更何况一个没受过专业训练的外卖小哥。入水瞬间巨大的冲击力让他胸椎压缩性骨折，在ICU躺了好几天。但他说不后悔："如果再选一次，我还是会跳。"更令人动容的是，杭州市给他颁发了见义勇为荣誉和奖金，他把奖金全部捐给了家乡的贫困学生——一个需要帮助的人，在得到帮助后又去帮助更多人。

【论证角度】
角度一"平凡中的英雄"——英雄不需要超能力，在关键时刻做出正确选择的普通人就是英雄。适用于"平凡与伟大""勇气"等话题。
角度二"本能的选择最见品格"——来不及思考时的第一反应，才是人最真实的品格。适用于"品格""本心""真实"等话题。
角度三"善良的传递"——自己得到帮助后去帮助别人，善良像涟漪一样扩散。适用于"善良""传递""感恩"等话题。
角度四"选择与责任"——他完全可以骑车走人，没有人会指责他，但他选择了承担。适用于"选择""担当""责任"等话题。','virtue','virtue-dedication','story','2023年杭州外卖小哥彭清林见义勇为事件','2026-04-21','approved');
INSERT OR IGNORE INTO materials(id,title,content,category_id,subcategory_id,type_id,source,created_at,status) VALUES('mmo894dqbn24q','坦诚交流：从避免冲突到真正相遇','"每个人都要学习与他人相处。有时，我们为避免冲突而不愿表达自己的想法。其实，坦诚交流才有可能迎来真正的相遇。"——这段话直抵人心，精准击中了当代年轻人的社交困境。我们害怕冲突，于是选择沉默；害怕被讨厌，于是选择迎合；害怕破坏关系，于是选择隐藏真实想法。表面上看，回避冲突维持了"和气"，但实际上，不表达不等于不在意，未说出口的想法会在心里发酵成委屈、误解甚至怨恨。

真正的"相遇"是什么？不是两个人礼貌地寒暄，而是在坦诚的交流中看见彼此真实的想法和感受。这种看见，可能带来短暂的不适和冲突，但恰恰是经过碰撞后的理解才最深刻。正如海明威所言："我们花了两年的时间学说话，却要花六十年的时间学闭嘴"——但闭嘴不是沉默，而是学会在合适的时机用合适的方式说出真话。

【论证角度】
角度一"真实的代价与价值"——坦诚可能带来短暂的不适，但换来的是真正深入的关系。适用于"真实""真诚""沟通"等话题。
角度二"回避冲突不是解决问题"——表面的和气掩盖了真实的分歧，积压的问题终将爆发。适用于"直面问题""勇气"等话题。
角度三"倾听与表达同样重要"——坦诚交流不仅是敢于表达自己，也包含真诚地倾听他人。适用于"倾听""理解""共情"等话题。
角度四"数字时代的沟通困境"——社交媒体让我们更容易联系，却更难真正交流，技术不能替代面对面的坦诚。适用于"技术与人""沟通方式"等话题。','virtue','virtue-empathy','hot','2024年全国甲卷高考作文题','2026-04-21','approved');
INSERT OR IGNORE INTO materials(id,title,content,category_id,subcategory_id,type_id,source,created_at,status) VALUES('mmo894dqblk9o','陈立群：放弃百万年薪的大山校长','陈立群，原杭州学军中学校长，退休后放弃百万年薪聘请，来到贵州台江县担任民族中学校长，分文不取。

台江民族中学是什么情况？升学率不足10%，学生辍学率居高不下，学校管理混乱。陈立群到任后，做的第一件事不是抓成绩，而是走村串寨家访。他翻山越岭走进学生家庭，了解辍学的真正原因——不是因为不想学，而是因为贫困和观念落后。他挨家挨户劝说家长让孩子回校，自掏腰包资助贫困学生。三年后，台江民中高考升学率从不到10%提升到近80%。

他常说一句话："给我百万年薪不如给我一个改变孩子命运的机会。"这位70多岁的老人，用行动诠释了什么叫"将心比心"。他本可以安享晚年，但他选择去最艰苦的地方，因为他深知：在贫困山区，教育是改变命运唯一公平的通道。他守护的不是一所学校，而是几千个孩子的未来。

【论证角度】
角度一"选择体现格局"——放弃百万年薪去贫困山区，这不是吃亏，而是对人生价值的深刻理解。适用于"选择""格局""人生价值"等话题。
角度二"教育公平"——城乡教育资源差距巨大，需要有人去弥合。适用于"教育公平""社会责任"等话题。
角度三"将心比心"——他不是居高临下的施舍者，而是走进每家每户的倾听者，真正的善良需要共情。适用于"共情""善良""平等"等话题。
角度四"知行合一"——说"教育重要"的人很多，但真正放弃一切去践行的人极少。适用于"知行合一""实干"等话题。','virtue','virtue-dedication','story','时代楷模陈立群支教事迹','2026-04-21','approved');
INSERT OR IGNORE INTO materials(id,title,content,category_id,subcategory_id,type_id,source,created_at,status) VALUES('mmo894dqbmlz1','品德修养名言金句','【使用指南】以下名言按主题分类，每条标注了适用场景，方便在作文中精准引用。

◆ 关于"善良共情"
①"己所不欲，勿施于人。"——孔子。适用于论证"换位思考""推己及人"，是中国伦理学的黄金法则。
②"善良不是一种学问，而是一种行为。"——罗曼·罗兰。适用于论证"善良贵在行动"，反驳"光说不做"的伪善。

◆ 关于"尊重包容"
③"君子和而不同，小人同而不和。"——孔子。适用于论证"尊重差异""求同存异"，是多元包容话题的经典引用。
④"海纳百川，有容乃大。"——林则徐。适用于论证"包容""胸怀"，简洁有力。

◆ 关于"品德涵养"
⑤"修身齐家治国平天下。"——《大学》。适用于论证"个人修养是一切的起点"，层层递进，逻辑严密。
⑥"勿以善小而不为，勿以恶小而为之。"——刘备。适用于论证"细节见品格""慎独"，是品德类文章的高频引用。','virtue','virtue-cultivation','quote','经典名言汇编','2026-04-21','approved');
INSERT OR IGNORE INTO materials(id,title,content,category_id,subcategory_id,type_id,source,created_at,status) VALUES('mmo894dqbueqn','辐集而轮运：个体汇聚成前行的力量','车轮的辐条一根一根，向心辏集，连接起居于中心的轮毂。辐集而轮运，劲直的辐条汇聚于轮毂，车轮支撑起载重的车辆，滚滚向前——这段富有哲学意味的意象，揭示了一个深刻的道理。

这个意象简洁而深刻。每根辐条单独看只是一根木条，看似微不足道。但当它们向心辏集、汇聚于轮毂，就构成了一个能承载重物、滚滚向前的车轮。少了一根辐条，车轮的平衡就被打破；辐条不齐，车轮就会颠簸。每一根都很重要，每一根都不可或缺。

这个隐喻可以直接映射到社会结构中。一个国家、一个团队、一个社区，都是由一个个"辐条"组成的。每个人都有自己的位置和方向，但当它们朝同一个中心汇聚时，就产生了远超个体的力量。中心是共同的目标、信念或使命，辐条是每个个体的贡献。北斗系统55颗卫星，每一颗都有自己的功用，缺一不可——讲的也是同样的道理。

【论证角度】
角度一"个人的价值在集体中实现"——辐条单独存在只是一根木条，只有在车轮中才发挥作用。适用于"个人与集体""团结"等话题。
角度二"每个个体都不可或缺"——少一根辐条车轮就不稳，每个人的贡献都是独特且不可替代的。适用于"每个个体的价值""不可或缺"等话题。
角度三"向心力是前进的前提"——辐条必须向心辏集，分散的力量无法形成合力。适用于"凝聚力""共同目标""团结协作"等话题。
角度四"秩序中的力量"——辐条不是随意堆砌的，而是按规律排列的，有秩序才有力量。适用于"规则与秩序""协作机制"等话题。','society','society-fair','hot','2025年天津卷高考作文题','2026-04-21','approved');
INSERT OR IGNORE INTO materials(id,title,content,category_id,subcategory_id,type_id,source,created_at,status) VALUES('mmo894dqbu6it','疫情中的距离与联系：隔不断的人间温暖','防疫拉开了人们的距离——居家隔离、一米线、取消聚会；但抗疫密切了人们的联系——社区干部送菜购药、快递员冒雨奔波、教师网上授课。2020年那场疫情中，"距离"与"联系"这对矛盾以最真实的方式呈现在每个人面前。

距离与联系，看似矛盾，实则统一。正是因为有了"距离"的防护，"联系"才得以安全地持续；正是因为"联系"没有中断，"距离"才不会变成孤立和绝望。那一年，全国4万多名医护人员逆行武汉，他们与家人之间的物理距离是最远的，但情感联系却是最深的——因为他们的逆行，保护了无数家庭的团聚。

更深一层看，这场疫情揭示了现代社会的一个真相：人与人之间的联系远比我们想象的更紧密。一个人的健康不再只是个人的事，而关乎整个社区的安全。一只蝴蝶扇动翅膀可以引发飓风，一个病毒的传播可以牵动全球。这既是脆弱，也是力量——因为紧密相连，所以命运与共。

【论证角度】
角度一"距离与联系的辩证"——物理距离的拉大反而催生了更深的情感联系，矛盾中蕴含统一。适用于"距离""联系""辩证思维"等话题。
角度二"平凡人的伟大贡献"——快递员、社区干部、志愿者，每个普通人的坚守构成了抗疫的基石。适用于"平凡与伟大""责任"等话题。
角度三"人类命运共同体"——疫情证明人类命运紧密相连，没有人是一座孤岛。适用于"人类命运共同体""团结""全球化"等话题。
角度四"逆境中的人性光辉"——越是困难的时刻，人性中的善良和互助越闪闪发光。适用于"逆境""善良""人性"等话题。','society','society-observe','hot','2020年新高考I卷高考作文题','2026-04-21','approved');
INSERT OR IGNORE INTO materials(id,title,content,category_id,subcategory_id,type_id,source,created_at,status) VALUES('mmo894dqcnb7j','社会民生名言金句','【使用指南】以下名言按主题分类，每条标注了适用场景，方便在作文中精准引用。

◆ 关于"人际沟通"
①"独学而无友，则孤陋而寡闻。"——《礼记》。适用于论证"交流的必要性"，反驳闭门造车。
②"己欲立而立人，己欲达而达人。"——孔子。适用于论证"助人即自助""共赢思维"。

◆ 关于"社会公平"
③"不患寡而患不均，不患贫而患不安。"——孔子。适用于论证"公平的重要性""社会正义"，是讨论公平话题的经典起点。
④"大道之行也，天下为公。"——《礼记》。适用于论证"公共利益""公平正义"，气势宏大。

◆ 关于"社会观察"
⑤"先天下之忧而忧，后天下之乐而乐。"——范仲淹。适用于论证"社会责任""家国情怀"，常用于文章结尾升华主题。
⑥"安得广厦千万间，大庇天下寒士俱欢颜。"——杜甫。适用于论证"社会关怀""民生关注"，体现了知识分子的社会责任感。','society','society-comm','quote','经典名言汇编','2026-04-21','approved');
INSERT OR IGNORE INTO materials(id,title,content,category_id,subcategory_id,type_id,source,created_at,status) VALUES('mmo89bpuv6xx1','《黑神话：悟空》：一只猴子惊艳了世界','2024年8月20日，中国游戏科学工作室开发的《黑神话：悟空》全球发售，三天销量突破1000万份，创下中国单机游戏历史纪录。这是中国首个真正意义上的3A大作（高品质、大体量、高成本），被外媒评价为"足以改写全球游戏行业格局的作品"。

游戏以《西游记》为蓝本，将中国古建筑、山水、壁画、神话传说融入虚拟世界。开发团队历时6年，踏遍全国36处古建筑实地扫描，从山西晋城青莲寺到重庆大足石刻，从浙江丽水时思寺到福建泉州开元寺——每一帧画面都浸透着中华文化的底蕴。制作人冯骥说："我们不是在做一款西方游戏的中国皮肤，而是在用世界级的品质讲一个中国故事。"

发售当天，全球数百万玩家同时在线，社交媒体上各国玩家讨论的不是"这只猴子能不能打"，而是"孙悟空到底是一个怎样的英雄"——文化输出就这样自然而然地发生了。

【论证角度】
角度一"文化自信的当代表达"——不是把文化供在博物馆里，而是用最先进的技术让它"活"在年轻人的生活中。适用于"文化自信""传承与创新"等话题。
角度二"用世界语言讲中国故事"——好故事不需要刻意"输出"，当品质足够高时，世界自然会来倾听。适用于"文化传播""讲好中国故事"等话题。
角度三"六年磨一剑"——在一个追求快回报的时代，用6年时间做一款游戏的定力和勇气。适用于"长期主义""匠心""不急功近利"等话题。
角度四"传统IP的现代化"——《西游记》写了四百年仍在焕发新的生命力，真正的经典永远不会过时。适用于"经典的力量""传统与现代"等话题。','culture','culture-confident','hot','2024年《黑神话：悟空》全球发售','2026-04-21','approved');
INSERT OR IGNORE INTO materials(id,title,content,category_id,subcategory_id,type_id,source,created_at,status) VALUES('mmo89bpuza0bo','潘展乐：19岁少年改写泳池历史','2024年巴黎奥运会男子100米自由泳决赛，19岁的潘展乐以46秒40的成绩打破由自己保持的世界纪录夺冠。这是中国男子游泳历史上首枚奥运百米金牌，也让他成为该项目史上游得最快的人。

更令人印象深刻的是他的赛后发言。面对西方媒体对中国游泳队的质疑，他没有愤怒回击，而是用成绩说话："有些外国选手不想理我，那我就用实力证明。"预赛中他曾主动和对手打招呼被无视，决赛中他用碾压式的优势回应了所有质疑。这种"用实力说话"的态度，比任何雄辩都有力。

潘展乐的成长故事同样打动人心。他从小在浙江温州体校训练，教练评价他"不是最有天赋的，但一定是最刻苦的"。每天凌晨5点起床训练，一年365天几乎不休。他曾说："我不是天才，我只是一个特别想赢的普通人。"

【论证角度】
角度一"用实力回应质疑"——面对偏见和不公，最好的反击不是争辩而是用行动证明自己。适用于"实力""回应质疑""自强"等话题。
角度二"青春的力量"——19岁站上世界之巅，新一代中国青年正在各个领域崭露头角。适用于"青春""新一代""担当"等话题。
角度三"天才与刻苦"——"我不是天才"这句话背后是日复一日的枯燥训练，所谓天赋不过是热爱加坚持。适用于"坚持""努力与天赋"等话题。
角度四"格局决定高度"——面对挑衅选择用成绩回应而非争吵，体现了一个冠军的格局。适用于"格局""胸怀""智慧"等话题。','youth','youth-dream','story','2024年巴黎奥运会','2026-04-21','approved');
INSERT OR IGNORE INTO materials(id,title,content,category_id,subcategory_id,type_id,source,created_at,status) VALUES('mmo89bpuz9t3s','郑钦文：21岁改写亚洲网球历史','2024年巴黎奥运会网球女单决赛，21岁的郑钦文以2:0击败克罗地亚选手维基奇，夺得金牌。这是亚洲选手首次在奥运会网球单打项目中夺冠，打破了欧美选手长达128年的垄断。

夺冠之路并不平坦。1/4决赛中，她面对此前从未战胜过的世界排名第一的斯瓦泰克，苦战三盘逆转获胜。那场比赛打了超过3小时，赛后她双腿抽筋几乎无法行走，但她说："我愿意为我的国家再打三个小时。"正是这份信念支撑她一路走到最高领奖台。

郑钦文10岁开始专注网球训练，13岁独自赴欧洲训练，远离家人和中文环境。她说："小时候想家会哭，但第二天还是会准时出现在训练场上。"从武汉的小球场到巴黎奥运的最高领奖台，这条路走了11年。

【论证角度】
角度一"打破垄断"——128年的欧美垄断被一个21岁的中国姑娘打破，证明没有什么是不可改变的。适用于"突破""打破常规""历史性时刻"等话题。
角度二"为国而战的力量"——"我愿意为我的国家再打三个小时"，当个人奋斗与国家荣誉共振，力量是无穷的。适用于"家国情怀""使命"等话题。
角度三"孤独中的成长"——13岁独自赴异国训练，远离家人的孤独是成长的代价，也是蜕变的催化剂。适用于"独立""成长""坚韧"等话题。
角度四"从不可能到可能"——此前从未赢过世界第一，但奥运会当天做到了，说明"不可能"往往只是"还没有做到"。适用于"突破极限""信念"等话题。','patriotism','patriotism-rolemodel','story','2024年巴黎奥运会','2026-04-21','approved');
INSERT OR IGNORE INTO materials(id,title,content,category_id,subcategory_id,type_id,source,created_at,status) VALUES('mmo89bpuz27dt','李子柒回归：三年沉寂后的文化绽放','2024年11月，停更三年的李子柒突然回归，发布了一条以"漆器"为主题的视频，24小时内全网播放量破亿。她的YouTube频道订阅量超过2000万，是订阅量最多的中文创作者。

三年沉寂不是因为放弃，而是因为与MCN机构的商业纠纷。这三年里，她没有急着转型带货，没有趁热度变现，而是回到四川绵阳老家，拜访了上百位非遗传承人，学习了大漆、蜀绣、竹编、造纸等多项传统技艺。她用三年时间"泡"在传统文化里，只为归来时能呈现更深厚的内容。

李子柒之所以打动全球观众，在于她呈现的不是"表演"而是"真实"。她真的在田间劳作，真的在手工制作，真的在用最原始的方式过着最质朴的生活。这种真实打动了被现代生活裹挟的全球观众——他们看到的不仅是一个中国姑娘，更是一种让人向往的生活方式。

【论证角度】
角度一"真正的文化输出不是刻意为之"——李子柒没有"输出文化"的意图，她只是认真地生活，但恰恰因此打动了世界。适用于"文化自信""真实的力量"等话题。
角度二"沉淀比速度更重要"——三年没有更新，但归来时作品品质远超从前，快时代里的慢选择反而赢得了最大的尊重。适用于"沉淀""长期主义"等话题。
角度三"真实是最打动人的力量"——没有剧本、没有滤镜、没有刻意煽情，纯粹的记录本身就足以打动人心。适用于"真实""本真"等话题。
角度四"坚守初心的勇气"——与MCN机构纠纷本可以妥协变现，但她选择坚守内容品质。适用于"初心""选择""不随波逐流"等话题。','culture','culture-heritage','story','2024年李子柒回归事件','2026-04-21','approved');
INSERT OR IGNORE INTO materials(id,title,content,category_id,subcategory_id,type_id,source,created_at,status) VALUES('mmo89bpuzzxb8','小米SU7：雷军的"最后一次创业"','2024年3月，小米SU7正式发布并上市。这是小米造车三年的成果，也是雷军口中"人生最后一次重大创业项目"。上市24小时内大定突破88898台，创下中国新能源汽车纪录。

雷军宣布造车时，质疑声铺天盖地——一个做手机的公司凭什么造车？苹果公司宣布放弃造车项目更是让唱衰者有了底气。但雷军没有退缩，他投入了100亿元自有资金，亲自试驾了170多辆车，写了十几万字的试驾笔记。他说："我愿意押上人生所有积累的战绩和声誉，为小米汽车而战。"

小米SU7的成功不仅是产品的成功，更是一种"敢于跨界"精神的胜利。在一个越来越细分的时代，敢于跳出舒适区、挑战全新领域需要的不仅是勇气，更是超强的学习能力和执行力。

【论证角度】
角度一"敢于从零开始"——功成名就后敢于押上一切重新出发，这种勇气比成功本身更令人敬佩。适用于"勇气""重新出发""跳出舒适区"等话题。
角度二"质疑是最好的动力"——面对铺天盖地的质疑，雷军选择用产品回应，质疑成了前进的燃料。适用于"面对质疑""化压力为动力"等话题。
角度三"学习能力是核心竞争力"——从手机到汽车是彻底的跨界，但雷军用170多辆车的试驾和十几万字笔记证明了学习能力。适用于"学习""跨界""终身成长"等话题。
角度四"创业精神的真谛"——不是年轻人专属，50多岁依然可以"最后一次创业"，热爱没有年龄限制。适用于"热爱""终身奋斗"等话题。','tech','tech-innovation','hot','2024年小米SU7发布','2026-04-21','approved');
INSERT OR IGNORE INTO materials(id,title,content,category_id,subcategory_id,type_id,source,created_at,status) VALUES('mmo89bpuz2ugz','爱达·魔都号：中国造船业的皇冠之珠','2024年1月1日，中国首艘国产大型邮轮"爱达·魔都号"从上海吴淞口国际邮轮港出发，正式开启商业首航。这标志着中国成为全球第五个有能力建造大型邮轮的国家，此前这一领域长期被欧洲垄断。

大型邮轮被称为"造船业皇冠上的明珠"，其难度在于它本质上是一座"海上移动城市"——高72米、总吨位13.55万吨，可搭载5246名乘客，船上配备剧院、餐厅、购物中心、水上乐园等完整设施。全船零部件数量高达2500万个，是C919大飞机的5倍。从2015年立项到2024年首航，历时9年，背后是中国船舶集团和数千家供应商的协同攻关。

"爱达·魔都号"的意义远超一艘船。从"运-10"飞机搁浅到C919翱翔蓝天，从大型邮轮被垄断到国产邮轮启航，中国制造业正在一个个"皇冠"上刻下自己的名字。

【论证角度】
角度一"从追赶到并跑"——中国造船业从"能造"到"造好"，用了几十年追赶，终于在最难的高处站稳脚跟。适用于"追赶与超越""自强"等话题。
角度二"大国制造的系统工程"——2500万个零部件、数千家供应商，没有一个强大的工业体系是不可能完成的。适用于"协作""制度优势""工业体系"等话题。
角度三"九年磨一剑的定力"——9年时间攻克无数技术难题，没有捷径只有坚持。适用于"长期主义""坚持""匠心"等话题。
角度四"一个领域突破的带动效应"——造船能力的提升带动了整个产业链的升级，一个突破往往能撬动全局。适用于"系统性思维""协同发展"等话题。','patriotism','patriotism-revive','hot','2024年国产大型邮轮爱达魔都号商业首航','2026-04-21','approved');
INSERT OR IGNORE INTO materials(id,title,content,category_id,subcategory_id,type_id,source,created_at,status) VALUES('mmo89bpv035xq','Sora与可灵：AI视频生成的伦理冲击','2024年2月，OpenAI发布了AI视频生成模型Sora，仅凭文字描述就能生成逼真的60秒视频，效果足以以假乱真。同年6月，中国快手公司发布了同类产品"可灵AI"，在视频质量和生成速度上不逊Sora。

这项技术带来的震撼是双面的。积极的一面：电影制作成本可能大幅降低，普通人也能创作高质量视频内容，教育、医疗等领域将获得全新的可视化工具。但消极的一面更加令人不安：当AI能生成"眼见为实"的虚假视频，"有图有真相"这句话还成立吗？一段伪造的名人视频可以瞬间毁掉一个人的声誉，一段合成的政治视频可以搅动一个国家的选情，一段虚拟的"现场画面"可以误导全球舆论。

更深层的哲学问题是：当"眼见"不再"为实"，人类如何在信息洪流中辨别真伪？我们是否正在进入一个"后真相时代"？

【论证角度】
角度一"技术中立论的破产"——技术本身也许是中立的，但技术的应用不可能中立，必须建立伦理框架。适用于"科技伦理""技术与人"等话题。
角度二"真相的危机"——当视频可以伪造，"眼见为实"的时代结束了，我们用什么来捍卫真相？适用于"真相""信任""理性思考"等话题。
角度三"创新与监管的赛跑"——技术跑在前面，伦理和法规跟在后面，这个时间差可能造成巨大伤害。适用于"规则与创新""边界"等话题。
角度四"媒介素养的新要求"——面对AI生成内容，辨别真伪成为每个人的基本能力。适用于"学习""素养""适应时代"等话题。','tech','tech-ethics','hot','2024年Sora和可灵AI发布','2026-04-21','approved');
INSERT OR IGNORE INTO materials(id,title,content,category_id,subcategory_id,type_id,source,created_at,status) VALUES('mmo89bpv0hb0f','郭晶晶：从跳水女皇到"裁判的裁判"','2024年巴黎奥运会上，郭晶晶以世界泳联跳水技术委员会官员的身份亮相，负责监督裁判评分的公正性。网友评价："她是裁判的裁判。"

这个身份的转变意味深长。运动员时代，郭晶晶4枚奥运金牌、31个世界冠军头衔，是跳水史上最伟大的运动员之一。退役后，她没有选择做网红带货、没有嫁入豪门当阔太，而是从零开始学习英语，考取国际裁判资格，一步步走到了技术委员会的核心位置。从被裁判打分到监督裁判打分，她用了20年完成了一个完美的闭环。

更令人敬佩的是她的低调。嫁入霍家后，她依然穿着普通衣服逛菜市场，用5毛钱的发圈扎头发。有记者问她"是否习惯豪门生活"，她说："我一直过的是自己的生活，不存在习惯不习惯。"在浮华的名利场中保持本真，这或许比拿金牌更需要定力。

【论证角度】
角度一"身份的进化"——从运动员到技术官员，不是退场而是以新的方式守护热爱的领域。适用于"转型""进化""新的开始"等话题。
角度二"从被规则约束到守护规则"——她深知不公正打分的痛苦，因此选择成为规则的守护者，这是最有力的改变方式。适用于"改变规则""主动权""守护公平"等话题。
角度三"低调的力量"——不炫富、不张扬、不炒作，真正的强大不需要外在的证明。适用于"低调""本真""内在力量"等话题。
角度四"长期主义的另一种诠释"——不是在一个领域做到极致就停步，而是在不同维度持续进化。适用于"终身成长""长期主义"等话题。','youth','youth-growth','story','2024年巴黎奥运会郭晶晶担任技术官员','2026-04-21','approved');
INSERT OR IGNORE INTO materials(id,title,content,category_id,subcategory_id,type_id,source,created_at,status) VALUES('mmo89v9snff8d','"尔滨"现象：一座城市的真诚换来了全世界','2024年冬天，哈尔滨意外成为全网最火的城市。起因是一群南方游客在哈尔滨游玩时被冻得瑟瑟发抖，当地人不仅嘘寒问暖，还自发组织车队免费接送游客。随后，哈尔滨全城"宠粉"——松花江上建起了冰马车、冻梨被精致地切好摆盘、鄂伦春族牵着驯鹿走上中央大街、交响乐团在商场里免费演奏……东北人骨子里的热情豪爽，让全国游客感受到了"被当家人对待"的温暖。

这场"尔滨热"的本质是什么？不是营销手段有多高明，而是一座城市发自内心的真诚。当游客发现哈尔滨不是把他们当"流量"而是当"家人"，真诚的善意产生了最强大的传播力——全网自发安利，无需任何广告投入。

更值得关注的是，这种善意是双向的。游客被哈尔滨的真诚打动后，也以尊重和善意回馈——主动帮助宣传本地文化、消费本地产品、理解寒冷天气的不便。善意激发善意，这就是"以心换心"的力量。

【论证角度】
角度一"真诚是最强大的力量"——不是精心设计的营销方案，而是发自内心的热情，真诚打破了人与人之间的隔阂。适用于"真诚""以心换心"等话题。
角度二"善意是会传染的"——一座城市的善意引发了全国范围的善意回馈，善良像涟漪一样扩散。适用于"善良传递""善意的回声"等话题。
角度三"尊重的力量"——把游客当家人而非消费者，尊重换来了远超商业价值的回报。适用于"尊重""平等"等话题。
角度四"平凡人的温暖"——免费接车主、切冻梨的大妈、商场里的演奏家，温暖来自无数普通人的自发行为。适用于"平凡人的力量""民间温暖"等话题。','virtue','virtue-empathy','hot','2024年哈尔滨旅游热潮','2026-04-21','approved');
INSERT OR IGNORE INTO materials(id,title,content,category_id,subcategory_id,type_id,source,created_at,status) VALUES('mmo89v9sqom1y','万佐成、熊庚香：一元厨房里的20年坚守','在江西省肿瘤医院旁边，有一条不起眼的小巷，巷子里有一个露天厨房。炉灶、锅碗、油盐酱醋一应俱全，炒一个菜只收1元钱。这个厨房的主人是一对年过七旬的夫妻——万佐成和熊庚香。

2003年，一位白血病患儿的母亲找到万佐成，问能不能借个炉子给孩子做顿饭——孩子住院太久，什么都不想吃，就想吃妈妈做的菜。万佐成二话不说腾出了炉子。消息传开后，越来越多的患者家属来借炉子。从最初的一个炉灶发展到十几个，万佐成夫妻一守就是20年。

每天凌晨4点起床备好炉火，深夜11点收摊，全年无休。20年间，他们为数十万个家庭提供过 cooking 服务。有人问他们为什么不涨价，万佐成说："来这里的都是癌症患者的家属，他们已经很苦了，我怎么忍心多收一分钱？"2024年，他们的故事被更多人知道，获评"感动中国"年度人物。评委的评语是："微弱的灯，照亮寒夜的路人；火红的灶，氤氲出亲情的味道。"

【论证角度】
角度一"小善大爱"——1元钱微不足道，但坚持20年就变成了改变数十万家庭的力量。适用于"小善""坚持""日积月累"等话题。
角度二"共情的力量"——"他们已经很苦了，我怎么忍心"，真正的善良来自设身处地的理解。适用于"共情""善良""换位思考"等话题。
角度三"平凡中的崇高"——不是什么伟大发明或壮举，只是搭了几个炉灶、收了1元钱，但这种日复一日的坚守本身就是崇高。适用于"平凡与伟大""坚守"等话题。
角度四"人间烟火中的温暖"——做饭这个最普通的行为，在医院旁变成了最温暖的善意。适用于"日常中的美好""烟火气""温情"等话题。','virtue','virtue-dedication','story','感动中国年度人物万佐成、熊庚香','2026-04-21','approved');
INSERT OR IGNORE INTO materials(id,title,content,category_id,subcategory_id,type_id,source,created_at,status) VALUES('mmo89v9sqaflu','董宇辉：知识改变命运，善良守护初心','2023年底至2024年，董宇辉的经历成为全网最热议的话题之一。从新东方英语老师到带货主播，再到独立创业，他的每一步都牵动着数百万人的关注。

董宇辉最初走红不是因为卖了多少货，而是因为他在直播间里随口引经据典——讲苏东坡的豁达、讲尼采的超人哲学、讲黑格尔的辩证法。在一个"买东西看价格就够了"的时代，他证明了知识本身就有吸引人的力量。他说过一句打动无数人的话："当你背单词时，阿拉斯加的鳕鱼正跃出水面；当你算数学时，南太平洋的海鸥正掠过海岸。但少年，梦要你亲自实现，世界你要亲自去看。"

与东方甄选的分道扬镳更令人深思。面对商业利益的博弈，他选择了"与辉同行"——宁可少赚也要守护内容的品质和粉丝的信任。这个选择背后是他对"知识带货"初心的坚持：卖货不是目的，让更多人爱上阅读和思考才是。

【论证角度】
角度一"知识就是力量"——一个英语老师靠学识打动千万人，证明知识在任何时代都是核心竞争力。适用于"知识的力量""学习"等话题。
角度二"初心与利益的抉择"——当商业利益和内容品质冲突时，他选择了初心。适用于"初心""选择""不随波逐流"等话题。
角度三"读书改变气质"——腹有诗书气自华，真正打动人的不是销售技巧而是内在的学识修养。适用于"读书""修养""内在美"等话题。
角度四"新时代的转型智慧"——从老师到主播不是降格，而是找到新的方式传播知识和价值。适用于"转型""适应""创新"等话题。','virtue','virtue-cultivation','story','董宇辉与辉同行创业历程','2026-04-21','approved');
INSERT OR IGNORE INTO materials(id,title,content,category_id,subcategory_id,type_id,source,created_at,status) VALUES('mmo89v9sr93jf','"村超""村BA"：乡土中国的快乐密码','2023年至2024年，贵州榕江的"村超"（乡村足球超级联赛）和台江的"村BA"（乡村篮球联赛）火爆全网。没有职业球员、没有高额奖金、没有豪华场馆，参赛的是杀猪匠、教书先生、外卖小哥、乡村干部——白天干活，晚上踢球。现场观众动辄数万人，线上直播观看量累计超过数百亿次。

"村超"为什么能火？因为它呈现了一种最纯粹的快乐。球员不以足球为生，踢球纯粹因为热爱；观众不以追星为乐，呐喊纯粹因为自豪——那是我的村、我的队。奖品不是豪车豪宅，而是一头牛、一只猪、一只鹅。赛后，球员和观众一起吃长桌宴、唱侗族大歌、跳芦笙舞，体育变成了全村人的节日。

"村超"的本质，是在一个越来越快、越来越商业化的时代，人们重新发现了"纯粹的快乐"和"社区的温度"。它提醒我们：幸福不一定需要昂贵的价格标签，最简单的快乐往往来自与身边人的连接。

【论证角度】
角度一"纯粹的热爱"——不为名利、不设门槛，踢球只是因为快乐，这种纯粹在功利化的时代弥足珍贵。适用于"热爱""纯粹""不忘初心"等话题。
角度二"社区的力量"——一场球赛把全村人聚在一起，这种社区凝聚力是现代社会最稀缺的资源。适用于"社区""凝聚力""归属感"等话题。
角度三"快乐的本质"——不需要高消费、不需要大舞台，真正的快乐来自热爱和分享。适用于"快乐""简朴""幸福观"等话题。
角度四"民间活力的价值"——"村超"是自发组织的民间活动，证明最好的文化产品不一定来自顶层设计，民间自有生命力。适用于"民间力量""自下而上""活力"等话题。','society','society-observe','hot','2023-2024年贵州村超村BA现象','2026-04-21','approved');
INSERT OR IGNORE INTO materials(id,title,content,category_id,subcategory_id,type_id,source,created_at,status) VALUES('mmo89v9srdq3c','银发知播：白发学者的第二次青春','2024年，一群"银发知播"在短视频平台走红——他们是一批退休的教授、科学家、工程师，用通俗有趣的方式在短视频中科普专业知识。物理学家吴於人（"吴姥姥"）用铁锅、气球、扫帚做实验讲解量子力学；海洋地质学家汪品先在B站讲述深海探索的奇妙经历；退休教师王广杰在线教电工知识，吸引数十万年轻粉丝。

这些平均年龄超过70岁的老人们，本可以安享退休生活，却选择拥抱他们完全陌生的短视频平台，学习拍摄、剪辑、运营，从零开始。为什么？吴於人说："知识不应该锁在象牙塔里，它应该走到每个人身边。"汪品先则说："我的时间不多了，我要抓紧把我知道的都讲给年轻人听。"

在"流量至上"的短视频生态中，银发知播们像一股清流。他们不追热点、不搞噱头，只是安静地、认真地分享知识。但恰恰是这份认真，打动了数百万年轻人。这证明：在任何媒介上，真正有价值的content永远有市场。

【论证角度】
角度一"终身学习"——70多岁还在学习短视频拍摄，年龄从来不是学习的障碍。适用于"终身学习""活到老学到老"等话题。
角度二"知识的使命是传播"——"知识不应该锁在象牙塔里"，真正的学者不只是研究，更要让知识走向大众。适用于"知识的价值""教育公平""普及"等话题。
角度三"代际对话"——白发老人和年轻网友在短视频平台上找到了共同语言，打破了代际隔阂。适用于"代际沟通""理解""跨越代沟"等话题。
角度四"热爱没有年龄限制"——70岁开始新事业，热爱让人永远年轻。适用于"热爱""年龄""重新出发"等话题。','society','society-edu','story','2024年银发知播短视频科普现象','2026-04-21','approved');
INSERT OR IGNORE INTO materials(id,title,content,category_id,subcategory_id,type_id,source,created_at,status) VALUES('mmo89v9srwi8t','甘肃积石山地震：寒夜中最温暖的拥抱','2023年12月18日深夜，甘肃积石山县发生6.2级地震。零下十几度的严寒中，房屋倒塌、道路损毁，灾情严峻。然而在灾难面前，最闪光的永远是人性。

地震发生仅数小时，来自全国各地的救援队伍就星夜出发。凌晨的灾区公路上，满载物资的车队绵延数公里。一位货车司机自掏腰包买了3000个馒头，开了8小时车送到灾区。一位兰州面馆老板带着员工和食材赶到现场，架起锅灶为受灾群众煮热汤面——在零下12度的寒夜里，一碗热面的温暖胜过千言万语。

更令人动容的是灾民之间的互助。一位受灾的老奶奶把自己仅剩的一床棉被让给了邻居家的孩子；一群年轻人自发组成巡逻队，在废墟旁守了一整夜，提醒余震危险。救援结束后，积石山县的孩子们给全国写信："谢谢你们让我们知道，我们不是一个人。"

【论证角度】
角度一"灾难中的人性光辉"——越是在最黑暗的时刻，人性的光芒越耀眼。适用于"人性""善良""困境中的温暖"等话题。
角度二"平凡人的不平凡选择"——货车司机、面馆老板、老奶奶，每个普通人的选择汇聚成巨大的力量。适用于"平凡与伟大""选择"等话题。
角度三"一方有难八方支援"——没有行政命令，没有组织动员，善意自发地从全国各地涌向灾区。适用于"团结""互助""社会温度"等话题。
角度四"苦难中的成长"——"谢谢你们让我们知道，我们不是一个人"，灾难可以摧毁房屋但不能摧毁人的精神。适用于"韧性""成长""希望"等话题。','society','society-fair','story','2023年甘肃积石山地震救援','2026-04-21','approved');
INSERT OR IGNORE INTO material_tags(material_id,tag) VALUES('mmnyjqqjd82qv','科技前沿');
INSERT OR IGNORE INTO material_tags(material_id,tag) VALUES('mmnyjqqjd82qv','人机共生');
INSERT OR IGNORE INTO material_tags(material_id,tag) VALUES('mmnyjqqjd82qv','伦理边界');
INSERT OR IGNORE INTO material_tags(material_id,tag) VALUES('mmnyj3pfca8t7','勇于探索');
INSERT OR IGNORE INTO material_tags(material_id,tag) VALUES('mmnyj3pfca8t7','科技创新');
INSERT OR IGNORE INTO material_tags(material_id,tag) VALUES('mmnyj3pfca8t7','突破极限');
INSERT OR IGNORE INTO material_tags(material_id,tag) VALUES('mmnyj3pfc8lev','知识改变命运');
INSERT OR IGNORE INTO material_tags(material_id,tag) VALUES('mmnyj3pfc8lev','梦想');
INSERT OR IGNORE INTO material_tags(material_id,tag) VALUES('mmnyj3pfc8lev','奋斗');
INSERT OR IGNORE INTO material_tags(material_id,tag) VALUES('mmnzjlz5ja1bc','真性情');
INSERT OR IGNORE INTO material_tags(material_id,tag) VALUES('mmnzjlz5ja1bc','价值观');
INSERT OR IGNORE INTO material_tags(material_id,tag) VALUES('mmnzjlz5ja1bc','物质与精神');
INSERT OR IGNORE INTO material_tags(material_id,tag) VALUES('mmnzjx698pp51','学习态度');
INSERT OR IGNORE INTO material_tags(material_id,tag) VALUES('mmnzjx698pp51','自我反省');
INSERT OR IGNORE INTO material_tags(material_id,tag) VALUES('mmnzjx698pp51','修身养性');
INSERT OR IGNORE INTO material_tags(material_id,tag) VALUES('mmnzjx699swqq','生活美学');
INSERT OR IGNORE INTO material_tags(material_id,tag) VALUES('mmnzjx699swqq','人生境界');
INSERT OR IGNORE INTO material_tags(material_id,tag) VALUES('mmnzjx699swqq','从容心态');
INSERT OR IGNORE INTO material_tags(material_id,tag) VALUES('mmnzk6464d1av','繁华与衰落');
INSERT OR IGNORE INTO material_tags(material_id,tag) VALUES('mmnzk6464d1av','大观园');
INSERT OR IGNORE INTO material_tags(material_id,tag) VALUES('mmnzk6464d1av','兴衰规律');
INSERT OR IGNORE INTO material_tags(material_id,tag) VALUES('mmnzo6r1j0ns4','科技报国');
INSERT OR IGNORE INTO material_tags(material_id,tag) VALUES('mmnzo6r1j0ns4','责任担当');
INSERT OR IGNORE INTO material_tags(material_id,tag) VALUES('mmnzo6r1j0ns4','自主创新');
INSERT OR IGNORE INTO material_tags(material_id,tag) VALUES('mmnzo6r1jnobk','科学探索');
INSERT OR IGNORE INTO material_tags(material_id,tag) VALUES('mmnzo6r1jnobk','独立思考');
INSERT OR IGNORE INTO material_tags(material_id,tag) VALUES('mmnzo6r1jnobk','女性力量');
INSERT OR IGNORE INTO material_tags(material_id,tag) VALUES('mmnzo6r1ivg7s','青年创新');
INSERT OR IGNORE INTO material_tags(material_id,tag) VALUES('mmnzo6r1ivg7s','科技创业');
INSERT OR IGNORE INTO material_tags(material_id,tag) VALUES('mmnzo6r1ivg7s','梦想坚持');
INSERT OR IGNORE INTO material_tags(material_id,tag) VALUES('mmnzu1yobx5lm','科技创新');
INSERT OR IGNORE INTO material_tags(material_id,tag) VALUES('mmnzu1yobx5lm','教育变革');
INSERT OR IGNORE INTO material_tags(material_id,tag) VALUES('mmnzu1yobx5lm','社会责任');
INSERT OR IGNORE INTO material_tags(material_id,tag) VALUES('mmnzu1yobn1rf','航天科技');
INSERT OR IGNORE INTO material_tags(material_id,tag) VALUES('mmnzu1yobn1rf','自主创新');
INSERT OR IGNORE INTO material_tags(material_id,tag) VALUES('mmnzu1yobn1rf','探索精神');
INSERT OR IGNORE INTO material_tags(material_id,tag) VALUES('mmnzu1yobpb85','数字经济');
INSERT OR IGNORE INTO material_tags(material_id,tag) VALUES('mmnzu1yobpb85','金融创新');
INSERT OR IGNORE INTO material_tags(material_id,tag) VALUES('mmnzu1yobpb85','国家战略');
INSERT OR IGNORE INTO material_tags(material_id,tag) VALUES('mmnzyjmnaec8l','环境保护');
INSERT OR IGNORE INTO material_tags(material_id,tag) VALUES('mmnzyjmnaec8l','生态修复');
INSERT OR IGNORE INTO material_tags(material_id,tag) VALUES('mmnzyjmnaec8l','坚持不懈');
INSERT OR IGNORE INTO material_tags(material_id,tag) VALUES('mmnzyjmnavagf','生态文明');
INSERT OR IGNORE INTO material_tags(material_id,tag) VALUES('mmnzyjmnavagf','乡村振兴');
INSERT OR IGNORE INTO material_tags(material_id,tag) VALUES('mmnzyjmnavagf','绿色发展');
INSERT OR IGNORE INTO material_tags(material_id,tag) VALUES('mmnzyjmnancqa','敬畏自然');
INSERT OR IGNORE INTO material_tags(material_id,tag) VALUES('mmnzyjmnancqa','生物多样性');
INSERT OR IGNORE INTO material_tags(material_id,tag) VALUES('mmnzyjmnancqa','人与自然和谐');
INSERT OR IGNORE INTO material_tags(material_id,tag) VALUES('mmo84orz3b9mg','AI');
INSERT OR IGNORE INTO material_tags(material_id,tag) VALUES('mmo84orz3b9mg','自主创新');
INSERT OR IGNORE INTO material_tags(material_id,tag) VALUES('mmo84orz3b9mg','开源');
INSERT OR IGNORE INTO material_tags(material_id,tag) VALUES('mmo84orz3b9mg','中国智慧');
INSERT OR IGNORE INTO material_tags(material_id,tag) VALUES('mmo84orz6kkk5','华为');
INSERT OR IGNORE INTO material_tags(material_id,tag) VALUES('mmo84orz6kkk5','芯片');
INSERT OR IGNORE INTO material_tags(material_id,tag) VALUES('mmo84orz6kkk5','自主创新');
INSERT OR IGNORE INTO material_tags(material_id,tag) VALUES('mmo84orz6kkk5','逆境突围');
INSERT OR IGNORE INTO material_tags(material_id,tag) VALUES('mmo84orz7t4za','算法推荐');
INSERT OR IGNORE INTO material_tags(material_id,tag) VALUES('mmo84orz7t4za','信息茧房');
INSERT OR IGNORE INTO material_tags(material_id,tag) VALUES('mmo84orz7t4za','独立思考');
INSERT OR IGNORE INTO material_tags(material_id,tag) VALUES('mmo84orz7t4za','科技伦理');
INSERT OR IGNORE INTO material_tags(material_id,tag) VALUES('mmo84orz7bgob','C919');
INSERT OR IGNORE INTO material_tags(material_id,tag) VALUES('mmo84orz7bgob','大飞机');
INSERT OR IGNORE INTO material_tags(material_id,tag) VALUES('mmo84orz7bgob','自主创新');
INSERT OR IGNORE INTO material_tags(material_id,tag) VALUES('mmo84orz7bgob','大国重器');
INSERT OR IGNORE INTO material_tags(material_id,tag) VALUES('mmo84orz78tcj','AI教育');
INSERT OR IGNORE INTO material_tags(material_id,tag) VALUES('mmo84orz78tcj','知识获取');
INSERT OR IGNORE INTO material_tags(material_id,tag) VALUES('mmo84orz78tcj','思辨能力');
INSERT OR IGNORE INTO material_tags(material_id,tag) VALUES('mmo84orz78tcj','学习革命');
INSERT OR IGNORE INTO material_tags(material_id,tag) VALUES('mmo84orz70g3c','新能源');
INSERT OR IGNORE INTO material_tags(material_id,tag) VALUES('mmo84orz70g3c','比亚迪');
INSERT OR IGNORE INTO material_tags(material_id,tag) VALUES('mmo84orz70g3c','创新驱动');
INSERT OR IGNORE INTO material_tags(material_id,tag) VALUES('mmo84orz70g3c','中国制造');
INSERT OR IGNORE INTO material_tags(material_id,tag) VALUES('mmo84orz7t0tv','科技名言');
INSERT OR IGNORE INTO material_tags(material_id,tag) VALUES('mmo84orz7t0tv','名言金句');
INSERT OR IGNORE INTO material_tags(material_id,tag) VALUES('mmo84orz7t0tv','创新精神');
INSERT OR IGNORE INTO material_tags(material_id,tag) VALUES('mmo84orz7t0tv','报国');
INSERT OR IGNORE INTO material_tags(material_id,tag) VALUES('mmo88p4q8l6fg','幸存者偏差');
INSERT OR IGNORE INTO material_tags(material_id,tag) VALUES('mmo88p4q8l6fg','逻辑思维');
INSERT OR IGNORE INTO material_tags(material_id,tag) VALUES('mmo88p4q8l6fg','独立思考');
INSERT OR IGNORE INTO material_tags(material_id,tag) VALUES('mmo88p4q8l6fg','辩证分析');
INSERT OR IGNORE INTO material_tags(material_id,tag) VALUES('mmo88p4qbgbct','本手妙手俗手');
INSERT OR IGNORE INTO material_tags(material_id,tag) VALUES('mmo88p4qbgbct','基础与突破');
INSERT OR IGNORE INTO material_tags(material_id,tag) VALUES('mmo88p4qbgbct','围棋');
INSERT OR IGNORE INTO material_tags(material_id,tag) VALUES('mmo88p4qbgbct','守正出奇');
INSERT OR IGNORE INTO material_tags(material_id,tag) VALUES('mmo88p4qb4pmx','一花独放');
INSERT OR IGNORE INTO material_tags(material_id,tag) VALUES('mmo88p4qb4pmx','多元共存');
INSERT OR IGNORE INTO material_tags(material_id,tag) VALUES('mmo88p4qb4pmx','包容');
INSERT OR IGNORE INTO material_tags(material_id,tag) VALUES('mmo88p4qb4pmx','合作共赢');
INSERT OR IGNORE INTO material_tags(material_id,tag) VALUES('mmo88p4qb7x3k','物各有性');
INSERT OR IGNORE INTO material_tags(material_id,tag) VALUES('mmo88p4qb7x3k','五味调和');
INSERT OR IGNORE INTO material_tags(material_id,tag) VALUES('mmo88p4qb7x3k','差异与和谐');
INSERT OR IGNORE INTO material_tags(material_id,tag) VALUES('mmo88p4qb7x3k','中庸');
INSERT OR IGNORE INTO material_tags(material_id,tag) VALUES('mmo88p4qcm13s','得与失');
INSERT OR IGNORE INTO material_tags(material_id,tag) VALUES('mmo88p4qcm13s','人生态度');
INSERT OR IGNORE INTO material_tags(material_id,tag) VALUES('mmo88p4qcm13s','过程与结果');
INSERT OR IGNORE INTO material_tags(material_id,tag) VALUES('mmo88p4qcm13s','辩证思维');
INSERT OR IGNORE INTO material_tags(material_id,tag) VALUES('mmo88p4qca9lr','故宫');
INSERT OR IGNORE INTO material_tags(material_id,tag) VALUES('mmo88p4qca9lr','变与不变');
INSERT OR IGNORE INTO material_tags(material_id,tag) VALUES('mmo88p4qca9lr','文化传承');
INSERT OR IGNORE INTO material_tags(material_id,tag) VALUES('mmo88p4qca9lr','守正创新');
INSERT OR IGNORE INTO material_tags(material_id,tag) VALUES('mmo88p4qc9t91','时间管理');
INSERT OR IGNORE INTO material_tags(material_id,tag) VALUES('mmo88p4qc9t91','技术反思');
INSERT OR IGNORE INTO material_tags(material_id,tag) VALUES('mmo88p4qc9t91','快与慢');
INSERT OR IGNORE INTO material_tags(material_id,tag) VALUES('mmo88p4qc9t91','自由意志');
INSERT OR IGNORE INTO material_tags(material_id,tag) VALUES('mmo88p4qc2lj6','哲理名言');
INSERT OR IGNORE INTO material_tags(material_id,tag) VALUES('mmo88p4qc2lj6','辩证思维');
INSERT OR IGNORE INTO material_tags(material_id,tag) VALUES('mmo88p4qc2lj6','名言金句');
INSERT OR IGNORE INTO material_tags(material_id,tag) VALUES('mmo88p4qc2lj6','思辨');
INSERT OR IGNORE INTO material_tags(material_id,tag) VALUES('mmo88thdf2ci9','五四运动');
INSERT OR IGNORE INTO material_tags(material_id,tag) VALUES('mmo88thdf2ci9','青年使命');
INSERT OR IGNORE INTO material_tags(material_id,tag) VALUES('mmo88thdf2ci9','时代担当');
INSERT OR IGNORE INTO material_tags(material_id,tag) VALUES('mmo88thdf2ci9','百年奋斗');
INSERT OR IGNORE INTO material_tags(material_id,tag) VALUES('mmo88thdjq27p','张桂梅');
INSERT OR IGNORE INTO material_tags(material_id,tag) VALUES('mmo88thdjq27p','教育扶贫');
INSERT OR IGNORE INTO material_tags(material_id,tag) VALUES('mmo88thdjq27p','奉献');
INSERT OR IGNORE INTO material_tags(material_id,tag) VALUES('mmo88thdjq27p','改变命运');
INSERT OR IGNORE INTO material_tags(material_id,tag) VALUES('mmo88thdjqlh3','中国面孔');
INSERT OR IGNORE INTO material_tags(material_id,tag) VALUES('mmo88thdjqlh3','抗疫');
INSERT OR IGNORE INTO material_tags(material_id,tag) VALUES('mmo88thdjqlh3','平凡英雄');
INSERT OR IGNORE INTO material_tags(material_id,tag) VALUES('mmo88thdjqlh3','家国情怀');
INSERT OR IGNORE INTO material_tags(material_id,tag) VALUES('mmo88thdj3otx','双奥之城');
INSERT OR IGNORE INTO material_tags(material_id,tag) VALUES('mmo88thdj3otx','跨越发展');
INSERT OR IGNORE INTO material_tags(material_id,tag) VALUES('mmo88thdj3otx','大国自信');
INSERT OR IGNORE INTO material_tags(material_id,tag) VALUES('mmo88thdj3otx','时代变迁');
INSERT OR IGNORE INTO material_tags(material_id,tag) VALUES('mmo88thdjk8py','袁隆平');
INSERT OR IGNORE INTO material_tags(material_id,tag) VALUES('mmo88thdjk8py','杂交水稻');
INSERT OR IGNORE INTO material_tags(material_id,tag) VALUES('mmo88thdjk8py','坚持');
INSERT OR IGNORE INTO material_tags(material_id,tag) VALUES('mmo88thdjk8py','科学家精神');
INSERT OR IGNORE INTO material_tags(material_id,tag) VALUES('mmo88thdjwqfw','歌唱与沉默');
INSERT OR IGNORE INTO material_tags(material_id,tag) VALUES('mmo88thdjwqfw','家国情怀');
INSERT OR IGNORE INTO material_tags(material_id,tag) VALUES('mmo88thdjwqfw','老舍');
INSERT OR IGNORE INTO material_tags(material_id,tag) VALUES('mmo88thdjwqfw','艾青');
INSERT OR IGNORE INTO material_tags(material_id,tag) VALUES('mmo88thdjwqfw','穆旦');
INSERT OR IGNORE INTO material_tags(material_id,tag) VALUES('mmo88thdkkyaa','家国名言');
INSERT OR IGNORE INTO material_tags(material_id,tag) VALUES('mmo88thdkkyaa','爱国');
INSERT OR IGNORE INTO material_tags(material_id,tag) VALUES('mmo88thdkkyaa','名言金句');
INSERT OR IGNORE INTO material_tags(material_id,tag) VALUES('mmo88thdkkyaa','使命担当');
INSERT OR IGNORE INTO material_tags(material_id,tag) VALUES('mmo88xb7lzbyd','老腔');
INSERT OR IGNORE INTO material_tags(material_id,tag) VALUES('mmo88xb7lzbyd','非遗');
INSERT OR IGNORE INTO material_tags(material_id,tag) VALUES('mmo88xb7lzbyd','传统文化');
INSERT OR IGNORE INTO material_tags(material_id,tag) VALUES('mmo88xb7lzbyd','文化保护');
INSERT OR IGNORE INTO material_tags(material_id,tag) VALUES('mmo88xb7o3knu','中国味');
INSERT OR IGNORE INTO material_tags(material_id,tag) VALUES('mmo88xb7o3knu','文化自信');
INSERT OR IGNORE INTO material_tags(material_id,tag) VALUES('mmo88xb7o3knu','文明互鉴');
INSERT OR IGNORE INTO material_tags(material_id,tag) VALUES('mmo88xb7o3knu','自我认知');
INSERT OR IGNORE INTO material_tags(material_id,tag) VALUES('mmo88xb7pok4s','红楼梦');
INSERT OR IGNORE INTO material_tags(material_id,tag) VALUES('mmo88xb7pok4s','沁芳');
INSERT OR IGNORE INTO material_tags(material_id,tag) VALUES('mmo88xb7pok4s','传承创新');
INSERT OR IGNORE INTO material_tags(material_id,tag) VALUES('mmo88xb7pok4s','审美');
INSERT OR IGNORE INTO material_tags(material_id,tag) VALUES('mmo88xb7pv9sr','樊锦诗');
INSERT OR IGNORE INTO material_tags(material_id,tag) VALUES('mmo88xb7pv9sr','敦煌');
INSERT OR IGNORE INTO material_tags(material_id,tag) VALUES('mmo88xb7pv9sr','数字敦煌');
INSERT OR IGNORE INTO material_tags(material_id,tag) VALUES('mmo88xb7pv9sr','文化传承');
INSERT OR IGNORE INTO material_tags(material_id,tag) VALUES('mmo88xb7ps7ns','历久弥新');
INSERT OR IGNORE INTO material_tags(material_id,tag) VALUES('mmo88xb7ps7ns','经典');
INSERT OR IGNORE INTO material_tags(material_id,tag) VALUES('mmo88xb7ps7ns','文化传承');
INSERT OR IGNORE INTO material_tags(material_id,tag) VALUES('mmo88xb7ps7ns','永恒价值');
INSERT OR IGNORE INTO material_tags(material_id,tag) VALUES('mmo88xb7p2ovp','文化名言');
INSERT OR IGNORE INTO material_tags(material_id,tag) VALUES('mmo88xb7p2ovp','文化自信');
INSERT OR IGNORE INTO material_tags(material_id,tag) VALUES('mmo88xb7p2ovp','传承创新');
INSERT OR IGNORE INTO material_tags(material_id,tag) VALUES('mmo88xb7p2ovp','名言金句');
INSERT OR IGNORE INTO material_tags(material_id,tag) VALUES('mmo8915r73tfx','生逢其时');
INSERT OR IGNORE INTO material_tags(material_id,tag) VALUES('mmo8915r73tfx','时代使命');
INSERT OR IGNORE INTO material_tags(material_id,tag) VALUES('mmo8915r73tfx','青春选择');
INSERT OR IGNORE INTO material_tags(material_id,tag) VALUES('mmo8915r73tfx','人生态度');
INSERT OR IGNORE INTO material_tags(material_id,tag) VALUES('mmo8915raepas','女足');
INSERT OR IGNORE INTO material_tags(material_id,tag) VALUES('mmo8915raepas','逆转');
INSERT OR IGNORE INTO material_tags(material_id,tag) VALUES('mmo8915raepas','永不言弃');
INSERT OR IGNORE INTO material_tags(material_id,tag) VALUES('mmo8915raepas','团队精神');
INSERT OR IGNORE INTO material_tags(material_id,tag) VALUES('mmo8915rai2uo','好奇心');
INSERT OR IGNORE INTO material_tags(material_id,tag) VALUES('mmo8915rai2uo','探索精神');
INSERT OR IGNORE INTO material_tags(material_id,tag) VALUES('mmo8915rai2uo','热爱');
INSERT OR IGNORE INTO material_tags(material_id,tag) VALUES('mmo8915rai2uo','知行合一');
INSERT OR IGNORE INTO material_tags(material_id,tag) VALUES('mmo8915ra36gl','安静');
INSERT OR IGNORE INTO material_tags(material_id,tag) VALUES('mmo8915ra36gl','留白');
INSERT OR IGNORE INTO material_tags(material_id,tag) VALUES('mmo8915ra36gl','成长空间');
INSERT OR IGNORE INTO material_tags(material_id,tag) VALUES('mmo8915ra36gl','反思内卷');
INSERT OR IGNORE INTO material_tags(material_id,tag) VALUES('mmo8915rb744q','青春名言');
INSERT OR IGNORE INTO material_tags(material_id,tag) VALUES('mmo8915rb744q','梦想');
INSERT OR IGNORE INTO material_tags(material_id,tag) VALUES('mmo8915rb744q','担当');
INSERT OR IGNORE INTO material_tags(material_id,tag) VALUES('mmo8915rb744q','名言金句');
INSERT OR IGNORE INTO material_tags(material_id,tag) VALUES('mmo894dq844dw','彭清林');
INSERT OR IGNORE INTO material_tags(material_id,tag) VALUES('mmo894dq844dw','见义勇为');
INSERT OR IGNORE INTO material_tags(material_id,tag) VALUES('mmo894dq844dw','平凡英雄');
INSERT OR IGNORE INTO material_tags(material_id,tag) VALUES('mmo894dq844dw','善良');
INSERT OR IGNORE INTO material_tags(material_id,tag) VALUES('mmo894dqbn24q','坦诚交流');
INSERT OR IGNORE INTO material_tags(material_id,tag) VALUES('mmo894dqbn24q','沟通');
INSERT OR IGNORE INTO material_tags(material_id,tag) VALUES('mmo894dqbn24q','真诚');
INSERT OR IGNORE INTO material_tags(material_id,tag) VALUES('mmo894dqbn24q','冲突与理解');
INSERT OR IGNORE INTO material_tags(material_id,tag) VALUES('mmo894dqblk9o','陈立群');
INSERT OR IGNORE INTO material_tags(material_id,tag) VALUES('mmo894dqblk9o','支教');
INSERT OR IGNORE INTO material_tags(material_id,tag) VALUES('mmo894dqblk9o','教育公平');
INSERT OR IGNORE INTO material_tags(material_id,tag) VALUES('mmo894dqblk9o','奉献');
INSERT OR IGNORE INTO material_tags(material_id,tag) VALUES('mmo894dqbmlz1','品德名言');
INSERT OR IGNORE INTO material_tags(material_id,tag) VALUES('mmo894dqbmlz1','善良');
INSERT OR IGNORE INTO material_tags(material_id,tag) VALUES('mmo894dqbmlz1','包容');
INSERT OR IGNORE INTO material_tags(material_id,tag) VALUES('mmo894dqbmlz1','名言金句');
INSERT OR IGNORE INTO material_tags(material_id,tag) VALUES('mmo894dqbueqn','辐集轮运');
INSERT OR IGNORE INTO material_tags(material_id,tag) VALUES('mmo894dqbueqn','团结协作');
INSERT OR IGNORE INTO material_tags(material_id,tag) VALUES('mmo894dqbueqn','个体与集体');
INSERT OR IGNORE INTO material_tags(material_id,tag) VALUES('mmo894dqbueqn','向心力');
INSERT OR IGNORE INTO material_tags(material_id,tag) VALUES('mmo894dqbu6it','疫情');
INSERT OR IGNORE INTO material_tags(material_id,tag) VALUES('mmo894dqbu6it','距离与联系');
INSERT OR IGNORE INTO material_tags(material_id,tag) VALUES('mmo894dqbu6it','平凡英雄');
INSERT OR IGNORE INTO material_tags(material_id,tag) VALUES('mmo894dqbu6it','命运共同体');
INSERT OR IGNORE INTO material_tags(material_id,tag) VALUES('mmo894dqcnb7j','社会名言');
INSERT OR IGNORE INTO material_tags(material_id,tag) VALUES('mmo894dqcnb7j','公平');
INSERT OR IGNORE INTO material_tags(material_id,tag) VALUES('mmo894dqcnb7j','沟通');
INSERT OR IGNORE INTO material_tags(material_id,tag) VALUES('mmo894dqcnb7j','名言金句');
INSERT OR IGNORE INTO material_tags(material_id,tag) VALUES('mmo89bpuv6xx1','黑神话悟空');
INSERT OR IGNORE INTO material_tags(material_id,tag) VALUES('mmo89bpuv6xx1','游戏');
INSERT OR IGNORE INTO material_tags(material_id,tag) VALUES('mmo89bpuv6xx1','文化输出');
INSERT OR IGNORE INTO material_tags(material_id,tag) VALUES('mmo89bpuv6xx1','西游记');
INSERT OR IGNORE INTO material_tags(material_id,tag) VALUES('mmo89bpuza0bo','潘展乐');
INSERT OR IGNORE INTO material_tags(material_id,tag) VALUES('mmo89bpuza0bo','奥运会');
INSERT OR IGNORE INTO material_tags(material_id,tag) VALUES('mmo89bpuza0bo','破纪录');
INSERT OR IGNORE INTO material_tags(material_id,tag) VALUES('mmo89bpuza0bo','青春力量');
INSERT OR IGNORE INTO material_tags(material_id,tag) VALUES('mmo89bpuz9t3s','郑钦文');
INSERT OR IGNORE INTO material_tags(material_id,tag) VALUES('mmo89bpuz9t3s','网球');
INSERT OR IGNORE INTO material_tags(material_id,tag) VALUES('mmo89bpuz9t3s','奥运金牌');
INSERT OR IGNORE INTO material_tags(material_id,tag) VALUES('mmo89bpuz9t3s','亚洲历史');
INSERT OR IGNORE INTO material_tags(material_id,tag) VALUES('mmo89bpuz27dt','李子柒');
INSERT OR IGNORE INTO material_tags(material_id,tag) VALUES('mmo89bpuz27dt','非遗');
INSERT OR IGNORE INTO material_tags(material_id,tag) VALUES('mmo89bpuz27dt','文化输出');
INSERT OR IGNORE INTO material_tags(material_id,tag) VALUES('mmo89bpuz27dt','回归');
INSERT OR IGNORE INTO material_tags(material_id,tag) VALUES('mmo89bpuzzxb8','小米');
INSERT OR IGNORE INTO material_tags(material_id,tag) VALUES('mmo89bpuzzxb8','雷军');
INSERT OR IGNORE INTO material_tags(material_id,tag) VALUES('mmo89bpuzzxb8','新能源汽车');
INSERT OR IGNORE INTO material_tags(material_id,tag) VALUES('mmo89bpuzzxb8','跨界创业');
INSERT OR IGNORE INTO material_tags(material_id,tag) VALUES('mmo89bpuz2ugz','爱达魔都号');
INSERT OR IGNORE INTO material_tags(material_id,tag) VALUES('mmo89bpuz2ugz','国产邮轮');
INSERT OR IGNORE INTO material_tags(material_id,tag) VALUES('mmo89bpuz2ugz','大国制造');
INSERT OR IGNORE INTO material_tags(material_id,tag) VALUES('mmo89bpuz2ugz','中国造船');
INSERT OR IGNORE INTO material_tags(material_id,tag) VALUES('mmo89bpv035xq','Sora');
INSERT OR IGNORE INTO material_tags(material_id,tag) VALUES('mmo89bpv035xq','可灵');
INSERT OR IGNORE INTO material_tags(material_id,tag) VALUES('mmo89bpv035xq','AI视频');
INSERT OR IGNORE INTO material_tags(material_id,tag) VALUES('mmo89bpv035xq','科技伦理');
INSERT OR IGNORE INTO material_tags(material_id,tag) VALUES('mmo89bpv035xq','后真相');
INSERT OR IGNORE INTO material_tags(material_id,tag) VALUES('mmo89bpv0hb0f','郭晶晶');
INSERT OR IGNORE INTO material_tags(material_id,tag) VALUES('mmo89bpv0hb0f','跳水');
INSERT OR IGNORE INTO material_tags(material_id,tag) VALUES('mmo89bpv0hb0f','转型');
INSERT OR IGNORE INTO material_tags(material_id,tag) VALUES('mmo89bpv0hb0f','低调');
INSERT OR IGNORE INTO material_tags(material_id,tag) VALUES('mmo89v9snff8d','哈尔滨');
INSERT OR IGNORE INTO material_tags(material_id,tag) VALUES('mmo89v9snff8d','真诚');
INSERT OR IGNORE INTO material_tags(material_id,tag) VALUES('mmo89v9snff8d','善意');
INSERT OR IGNORE INTO material_tags(material_id,tag) VALUES('mmo89v9snff8d','尔滨');
INSERT OR IGNORE INTO material_tags(material_id,tag) VALUES('mmo89v9sqom1y','一元厨房');
INSERT OR IGNORE INTO material_tags(material_id,tag) VALUES('mmo89v9sqom1y','坚守');
INSERT OR IGNORE INTO material_tags(material_id,tag) VALUES('mmo89v9sqom1y','善良');
INSERT OR IGNORE INTO material_tags(material_id,tag) VALUES('mmo89v9sqom1y','感动中国');
INSERT OR IGNORE INTO material_tags(material_id,tag) VALUES('mmo89v9sqaflu','董宇辉');
INSERT OR IGNORE INTO material_tags(material_id,tag) VALUES('mmo89v9sqaflu','知识带货');
INSERT OR IGNORE INTO material_tags(material_id,tag) VALUES('mmo89v9sqaflu','初心');
INSERT OR IGNORE INTO material_tags(material_id,tag) VALUES('mmo89v9sqaflu','读书');
INSERT OR IGNORE INTO material_tags(material_id,tag) VALUES('mmo89v9sr93jf','村超');
INSERT OR IGNORE INTO material_tags(material_id,tag) VALUES('mmo89v9sr93jf','村BA');
INSERT OR IGNORE INTO material_tags(material_id,tag) VALUES('mmo89v9sr93jf','民间体育');
INSERT OR IGNORE INTO material_tags(material_id,tag) VALUES('mmo89v9sr93jf','纯粹热爱');
INSERT OR IGNORE INTO material_tags(material_id,tag) VALUES('mmo89v9srdq3c','银发知播');
INSERT OR IGNORE INTO material_tags(material_id,tag) VALUES('mmo89v9srdq3c','科普');
INSERT OR IGNORE INTO material_tags(material_id,tag) VALUES('mmo89v9srdq3c','终身学习');
INSERT OR IGNORE INTO material_tags(material_id,tag) VALUES('mmo89v9srdq3c','代际交流');
INSERT OR IGNORE INTO material_tags(material_id,tag) VALUES('mmo89v9srwi8t','积石山地震');
INSERT OR IGNORE INTO material_tags(material_id,tag) VALUES('mmo89v9srwi8t','灾难救援');
INSERT OR IGNORE INTO material_tags(material_id,tag) VALUES('mmo89v9srwi8t','人性光辉');
INSERT OR IGNORE INTO material_tags(material_id,tag) VALUES('mmo89v9srwi8t','互助');
INSERT OR IGNORE INTO material_topics(material_id,topic) VALUES('mmnyjqqjd82qv','科技与人性');
INSERT OR IGNORE INTO material_topics(material_id,topic) VALUES('mmnyjqqjd82qv','变革与坚守');
INSERT OR IGNORE INTO material_topics(material_id,topic) VALUES('mmnyjqqjd82qv','未来的可能');
INSERT OR IGNORE INTO material_topics(material_id,topic) VALUES('mmnyj3pfca8t7','探索未知');
INSERT OR IGNORE INTO material_topics(material_id,topic) VALUES('mmnyj3pfca8t7','挑战与机遇');
INSERT OR IGNORE INTO material_topics(material_id,topic) VALUES('mmnyj3pfca8t7','创新精神');
INSERT OR IGNORE INTO material_topics(material_id,topic) VALUES('mmnyj3pfc8lev','平凡与伟大');
INSERT OR IGNORE INTO material_topics(material_id,topic) VALUES('mmnyj3pfc8lev','知识的力量');
INSERT OR IGNORE INTO material_topics(material_id,topic) VALUES('mmnyj3pfc8lev','个人与时代');
INSERT OR IGNORE INTO material_topics(material_id,topic) VALUES('mmnzjlz5ja1bc','坚守本心');
INSERT OR IGNORE INTO material_topics(material_id,topic) VALUES('mmnzjlz5ja1bc','人性的温度');
INSERT OR IGNORE INTO material_topics(material_id,topic) VALUES('mmnzjlz5ja1bc','打破成见');
INSERT OR IGNORE INTO material_topics(material_id,topic) VALUES('mmnzjx698pp51','学习的真谛');
INSERT OR IGNORE INTO material_topics(material_id,topic) VALUES('mmnzjx698pp51','知行合一');
INSERT OR IGNORE INTO material_topics(material_id,topic) VALUES('mmnzjx698pp51','自我提升');
INSERT OR IGNORE INTO material_topics(material_id,topic) VALUES('mmnzjx699swqq','快与慢');
INSERT OR IGNORE INTO material_topics(material_id,topic) VALUES('mmnzjx699swqq','诗意栖居');
INSERT OR IGNORE INTO material_topics(material_id,topic) VALUES('mmnzjx699swqq','人生价值');
INSERT OR IGNORE INTO material_topics(material_id,topic) VALUES('mmnzk6464d1av','繁华与衰落');
INSERT OR IGNORE INTO material_topics(material_id,topic) VALUES('mmnzk6464d1av','表象与本质');
INSERT OR IGNORE INTO material_topics(material_id,topic) VALUES('mmnzk6464d1av','历史规律');
INSERT OR IGNORE INTO material_topics(material_id,topic) VALUES('mmnzo6r1j0ns4','创新精神');
INSERT OR IGNORE INTO material_topics(material_id,topic) VALUES('mmnzo6r1j0ns4','选择与责任');
INSERT OR IGNORE INTO material_topics(material_id,topic) VALUES('mmnzo6r1j0ns4','科技强国');
INSERT OR IGNORE INTO material_topics(material_id,topic) VALUES('mmnzo6r1jnobk','创新精神');
INSERT OR IGNORE INTO material_topics(material_id,topic) VALUES('mmnzo6r1jnobk','独立思考');
INSERT OR IGNORE INTO material_topics(material_id,topic) VALUES('mmnzo6r1jnobk','科学精神');
INSERT OR IGNORE INTO material_topics(material_id,topic) VALUES('mmnzo6r1ivg7s','创新精神');
INSERT OR IGNORE INTO material_topics(material_id,topic) VALUES('mmnzo6r1ivg7s','梦想与奋斗');
INSERT OR IGNORE INTO material_topics(material_id,topic) VALUES('mmnzo6r1ivg7s','科技发展');
INSERT OR IGNORE INTO material_topics(material_id,topic) VALUES('mmnzu1yobx5lm','科技创新');
INSERT OR IGNORE INTO material_topics(material_id,topic) VALUES('mmnzu1yobx5lm','教育公平');
INSERT OR IGNORE INTO material_topics(material_id,topic) VALUES('mmnzu1yobx5lm','责任担当');
INSERT OR IGNORE INTO material_topics(material_id,topic) VALUES('mmnzu1yobn1rf','科技创新');
INSERT OR IGNORE INTO material_topics(material_id,topic) VALUES('mmnzu1yobn1rf','民族自信');
INSERT OR IGNORE INTO material_topics(material_id,topic) VALUES('mmnzu1yobn1rf','探索未知');
INSERT OR IGNORE INTO material_topics(material_id,topic) VALUES('mmnzu1yobpb85','科技创新');
INSERT OR IGNORE INTO material_topics(material_id,topic) VALUES('mmnzu1yobpb85','经济发展');
INSERT OR IGNORE INTO material_topics(material_id,topic) VALUES('mmnzu1yobpb85','国家竞争力');
INSERT OR IGNORE INTO material_topics(material_id,topic) VALUES('mmnzyjmnaec8l','环境保护');
INSERT OR IGNORE INTO material_topics(material_id,topic) VALUES('mmnzyjmnaec8l','生态文明建设');
INSERT OR IGNORE INTO material_topics(material_id,topic) VALUES('mmnzyjmnaec8l','人与自然和谐共生');
INSERT OR IGNORE INTO material_topics(material_id,topic) VALUES('mmnzyjmnavagf','生态文明建设');
INSERT OR IGNORE INTO material_topics(material_id,topic) VALUES('mmnzyjmnavagf','乡村振兴');
INSERT OR IGNORE INTO material_topics(material_id,topic) VALUES('mmnzyjmnavagf','绿色发展');
INSERT OR IGNORE INTO material_topics(material_id,topic) VALUES('mmnzyjmnancqa','敬畏自然');
INSERT OR IGNORE INTO material_topics(material_id,topic) VALUES('mmnzyjmnancqa','生物多样性保护');
INSERT OR IGNORE INTO material_topics(material_id,topic) VALUES('mmnzyjmnancqa','人与自然和谐共生');
INSERT OR IGNORE INTO material_topics(material_id,topic) VALUES('mmo84orz3b9mg','科技强国');
INSERT OR IGNORE INTO material_topics(material_id,topic) VALUES('mmo84orz3b9mg','自主创新');
INSERT OR IGNORE INTO material_topics(material_id,topic) VALUES('mmo84orz3b9mg','打破垄断');
INSERT OR IGNORE INTO material_topics(material_id,topic) VALUES('mmo84orz3b9mg','困境与突破');
INSERT OR IGNORE INTO material_topics(material_id,topic) VALUES('mmo84orz3b9mg','科技普惠');
INSERT OR IGNORE INTO material_topics(material_id,topic) VALUES('mmo84orz6kkk5','自主创新');
INSERT OR IGNORE INTO material_topics(material_id,topic) VALUES('mmo84orz6kkk5','困境突围');
INSERT OR IGNORE INTO material_topics(material_id,topic) VALUES('mmo84orz6kkk5','科技强国');
INSERT OR IGNORE INTO material_topics(material_id,topic) VALUES('mmo84orz6kkk5','长期主义');
INSERT OR IGNORE INTO material_topics(material_id,topic) VALUES('mmo84orz6kkk5','家国情怀');
INSERT OR IGNORE INTO material_topics(material_id,topic) VALUES('mmo84orz7t4za','独立思考');
INSERT OR IGNORE INTO material_topics(material_id,topic) VALUES('mmo84orz7t4za','技术与人');
INSERT OR IGNORE INTO material_topics(material_id,topic) VALUES('mmo84orz7t4za','信息素养');
INSERT OR IGNORE INTO material_topics(material_id,topic) VALUES('mmo84orz7t4za','多元包容');
INSERT OR IGNORE INTO material_topics(material_id,topic) VALUES('mmo84orz7bgob','自主创新');
INSERT OR IGNORE INTO material_topics(material_id,topic) VALUES('mmo84orz7bgob','长期主义');
INSERT OR IGNORE INTO material_topics(material_id,topic) VALUES('mmo84orz7bgob','家国情怀');
INSERT OR IGNORE INTO material_topics(material_id,topic) VALUES('mmo84orz7bgob','挫折与成长');
INSERT OR IGNORE INTO material_topics(material_id,topic) VALUES('mmo84orz78tcj','学习的本质');
INSERT OR IGNORE INTO material_topics(material_id,topic) VALUES('mmo84orz78tcj','思辨与知识');
INSERT OR IGNORE INTO material_topics(material_id,topic) VALUES('mmo84orz78tcj','技术与人');
INSERT OR IGNORE INTO material_topics(material_id,topic) VALUES('mmo84orz78tcj','独立思考');
INSERT OR IGNORE INTO material_topics(material_id,topic) VALUES('mmo84orz70g3c','创新驱动');
INSERT OR IGNORE INTO material_topics(material_id,topic) VALUES('mmo84orz70g3c','长期主义');
INSERT OR IGNORE INTO material_topics(material_id,topic) VALUES('mmo84orz70g3c','逆境成长');
INSERT OR IGNORE INTO material_topics(material_id,topic) VALUES('mmo84orz70g3c','中国制造');
INSERT OR IGNORE INTO material_topics(material_id,topic) VALUES('mmo84orz7t0tv','科技报国');
INSERT OR IGNORE INTO material_topics(material_id,topic) VALUES('mmo84orz7t0tv','创新精神');
INSERT OR IGNORE INTO material_topics(material_id,topic) VALUES('mmo84orz7t0tv','坚持梦想');
INSERT OR IGNORE INTO material_topics(material_id,topic) VALUES('mmo84orz7t0tv','科技强国');
INSERT OR IGNORE INTO material_topics(material_id,topic) VALUES('mmo84orz7t0tv','家国情怀');
INSERT OR IGNORE INTO material_topics(material_id,topic) VALUES('mmo88p4q8l6fg','全面与片面');
INSERT OR IGNORE INTO material_topics(material_id,topic) VALUES('mmo88p4q8l6fg','独立思考');
INSERT OR IGNORE INTO material_topics(material_id,topic) VALUES('mmo88p4q8l6fg','表象与本质');
INSERT OR IGNORE INTO material_topics(material_id,topic) VALUES('mmo88p4q8l6fg','理性思考');
INSERT OR IGNORE INTO material_topics(material_id,topic) VALUES('mmo88p4qbgbct','厚积薄发');
INSERT OR IGNORE INTO material_topics(material_id,topic) VALUES('mmo88p4qbgbct','欲速则不达');
INSERT OR IGNORE INTO material_topics(material_id,topic) VALUES('mmo88p4qbgbct','守正创新');
INSERT OR IGNORE INTO material_topics(material_id,topic) VALUES('mmo88p4qbgbct','平凡与伟大');
INSERT OR IGNORE INTO material_topics(material_id,topic) VALUES('mmo88p4qb4pmx','多元包容');
INSERT OR IGNORE INTO material_topics(material_id,topic) VALUES('mmo88p4qb4pmx','竞争与合作');
INSERT OR IGNORE INTO material_topics(material_id,topic) VALUES('mmo88p4qb4pmx','个人与集体');
INSERT OR IGNORE INTO material_topics(material_id,topic) VALUES('mmo88p4qb4pmx','开放与封闭');
INSERT OR IGNORE INTO material_topics(material_id,topic) VALUES('mmo88p4qb7x3k','尊重差异');
INSERT OR IGNORE INTO material_topics(material_id,topic) VALUES('mmo88p4qb7x3k','和而不同');
INSERT OR IGNORE INTO material_topics(material_id,topic) VALUES('mmo88p4qb7x3k','协作共生');
INSERT OR IGNORE INTO material_topics(material_id,topic) VALUES('mmo88p4qb7x3k','中庸之道');
INSERT OR IGNORE INTO material_topics(material_id,topic) VALUES('mmo88p4qcm13s','心态与人生');
INSERT OR IGNORE INTO material_topics(material_id,topic) VALUES('mmo88p4qcm13s','过程与结果');
INSERT OR IGNORE INTO material_topics(material_id,topic) VALUES('mmo88p4qcm13s','辩证转换');
INSERT OR IGNORE INTO material_topics(material_id,topic) VALUES('mmo88p4qcm13s','超然豁达');
INSERT OR IGNORE INTO material_topics(material_id,topic) VALUES('mmo88p4qca9lr','变与不变');
INSERT OR IGNORE INTO material_topics(material_id,topic) VALUES('mmo88p4qca9lr','守正创新');
INSERT OR IGNORE INTO material_topics(material_id,topic) VALUES('mmo88p4qca9lr','文化传承');
INSERT OR IGNORE INTO material_topics(material_id,topic) VALUES('mmo88p4qca9lr','知行合一');
INSERT OR IGNORE INTO material_topics(material_id,topic) VALUES('mmo88p4qc9t91','技术与人');
INSERT OR IGNORE INTO material_topics(material_id,topic) VALUES('mmo88p4qc9t91','快与慢');
INSERT OR IGNORE INTO material_topics(material_id,topic) VALUES('mmo88p4qc9t91','自由与束缚');
INSERT OR IGNORE INTO material_topics(material_id,topic) VALUES('mmo88p4qc9t91','生命的意义');
INSERT OR IGNORE INTO material_topics(material_id,topic) VALUES('mmo88p4qc2lj6','变与不变');
INSERT OR IGNORE INTO material_topics(material_id,topic) VALUES('mmo88p4qc2lj6','辩证思维');
INSERT OR IGNORE INTO material_topics(material_id,topic) VALUES('mmo88p4qc2lj6','得失取舍');
INSERT OR IGNORE INTO material_topics(material_id,topic) VALUES('mmo88p4qc2lj6','独立思考');
INSERT OR IGNORE INTO material_topics(material_id,topic) VALUES('mmo88p4qc2lj6','多元视角');
INSERT OR IGNORE INTO material_topics(material_id,topic) VALUES('mmo88thdf2ci9','家国情怀');
INSERT OR IGNORE INTO material_topics(material_id,topic) VALUES('mmo88thdf2ci9','使命传承');
INSERT OR IGNORE INTO material_topics(material_id,topic) VALUES('mmo88thdf2ci9','青年担当');
INSERT OR IGNORE INTO material_topics(material_id,topic) VALUES('mmo88thdf2ci9','个人与时代');
INSERT OR IGNORE INTO material_topics(material_id,topic) VALUES('mmo88thdjq27p','教育的力量');
INSERT OR IGNORE INTO material_topics(material_id,topic) VALUES('mmo88thdjq27p','无私奉献');
INSERT OR IGNORE INTO material_topics(material_id,topic) VALUES('mmo88thdjq27p','信念坚持');
INSERT OR IGNORE INTO material_topics(material_id,topic) VALUES('mmo88thdjq27p','平凡与伟大');
INSERT OR IGNORE INTO material_topics(material_id,topic) VALUES('mmo88thdjqlh3','平凡与伟大');
INSERT OR IGNORE INTO material_topics(material_id,topic) VALUES('mmo88thdjqlh3','家国情怀');
INSERT OR IGNORE INTO material_topics(material_id,topic) VALUES('mmo88thdjqlh3','个人与时代');
INSERT OR IGNORE INTO material_topics(material_id,topic) VALUES('mmo88thdjqlh3','团结力量');
INSERT OR IGNORE INTO material_topics(material_id,topic) VALUES('mmo88thdj3otx','追赶与超越');
INSERT OR IGNORE INTO material_topics(material_id,topic) VALUES('mmo88thdj3otx','文化自信');
INSERT OR IGNORE INTO material_topics(material_id,topic) VALUES('mmo88thdj3otx','个人与时代');
INSERT OR IGNORE INTO material_topics(material_id,topic) VALUES('mmo88thdj3otx','永不止步');
INSERT OR IGNORE INTO material_topics(material_id,topic) VALUES('mmo88thdjk8py','坚持梦想');
INSERT OR IGNORE INTO material_topics(material_id,topic) VALUES('mmo88thdjk8py','科学精神');
INSERT OR IGNORE INTO material_topics(material_id,topic) VALUES('mmo88thdjk8py','知行合一');
INSERT OR IGNORE INTO material_topics(material_id,topic) VALUES('mmo88thdjk8py','家国情怀');
INSERT OR IGNORE INTO material_topics(material_id,topic) VALUES('mmo88thdjwqfw','家国情怀');
INSERT OR IGNORE INTO material_topics(material_id,topic) VALUES('mmo88thdjwqfw','苦难与歌唱');
INSERT OR IGNORE INTO material_topics(material_id,topic) VALUES('mmo88thdjwqfw','个人与民族');
INSERT OR IGNORE INTO material_topics(material_id,topic) VALUES('mmo88thdjwqfw','情感表达');
INSERT OR IGNORE INTO material_topics(material_id,topic) VALUES('mmo88thdkkyaa','家国情怀');
INSERT OR IGNORE INTO material_topics(material_id,topic) VALUES('mmo88thdkkyaa','责任担当');
INSERT OR IGNORE INTO material_topics(material_id,topic) VALUES('mmo88thdkkyaa','青年使命');
INSERT OR IGNORE INTO material_topics(material_id,topic) VALUES('mmo88thdkkyaa','爱国精神');
INSERT OR IGNORE INTO material_topics(material_id,topic) VALUES('mmo88xb7lzbyd','传统文化的力量');
INSERT OR IGNORE INTO material_topics(material_id,topic) VALUES('mmo88xb7lzbyd','传承与创新');
INSERT OR IGNORE INTO material_topics(material_id,topic) VALUES('mmo88xb7lzbyd','文化自信');
INSERT OR IGNORE INTO material_topics(material_id,topic) VALUES('mmo88xb7lzbyd','艺术与人民');
INSERT OR IGNORE INTO material_topics(material_id,topic) VALUES('mmo88xb7o3knu','文化自信');
INSERT OR IGNORE INTO material_topics(material_id,topic) VALUES('mmo88xb7o3knu','文明互鉴');
INSERT OR IGNORE INTO material_topics(material_id,topic) VALUES('mmo88xb7o3knu','自我认知');
INSERT OR IGNORE INTO material_topics(material_id,topic) VALUES('mmo88xb7o3knu','交流理解');
INSERT OR IGNORE INTO material_topics(material_id,topic) VALUES('mmo88xb7pok4s','学习之道');
INSERT OR IGNORE INTO material_topics(material_id,topic) VALUES('mmo88xb7pok4s','传承与创新');
INSERT OR IGNORE INTO material_topics(material_id,topic) VALUES('mmo88xb7pok4s','审美素养');
INSERT OR IGNORE INTO material_topics(material_id,topic) VALUES('mmo88xb7pok4s','因地制宜');
INSERT OR IGNORE INTO material_topics(material_id,topic) VALUES('mmo88xb7pv9sr','选择与坚持');
INSERT OR IGNORE INTO material_topics(material_id,topic) VALUES('mmo88xb7pv9sr','守正创新');
INSERT OR IGNORE INTO material_topics(material_id,topic) VALUES('mmo88xb7pv9sr','科技与文化');
INSERT OR IGNORE INTO material_topics(material_id,topic) VALUES('mmo88xb7pv9sr','专注与匠心');
INSERT OR IGNORE INTO material_topics(material_id,topic) VALUES('mmo88xb7ps7ns','深度与表面');
INSERT OR IGNORE INTO material_topics(material_id,topic) VALUES('mmo88xb7ps7ns','经典的力量');
INSERT OR IGNORE INTO material_topics(material_id,topic) VALUES('mmo88xb7ps7ns','时间的智慧');
INSERT OR IGNORE INTO material_topics(material_id,topic) VALUES('mmo88xb7ps7ns','守正创新');
INSERT OR IGNORE INTO material_topics(material_id,topic) VALUES('mmo88xb7p2ovp','文化自信');
INSERT OR IGNORE INTO material_topics(material_id,topic) VALUES('mmo88xb7p2ovp','传承与创新');
INSERT OR IGNORE INTO material_topics(material_id,topic) VALUES('mmo88xb7p2ovp','文明互鉴');
INSERT OR IGNORE INTO material_topics(material_id,topic) VALUES('mmo88xb7p2ovp','包容开放');
INSERT OR IGNORE INTO material_topics(material_id,topic) VALUES('mmo8915r73tfx','人生态度');
INSERT OR IGNORE INTO material_topics(material_id,topic) VALUES('mmo8915r73tfx','时代使命');
INSERT OR IGNORE INTO material_topics(material_id,topic) VALUES('mmo8915r73tfx','逆境成长');
INSERT OR IGNORE INTO material_topics(material_id,topic) VALUES('mmo8915r73tfx','个人与时代');
INSERT OR IGNORE INTO material_topics(material_id,topic) VALUES('mmo8915raepas','永不放弃');
INSERT OR IGNORE INTO material_topics(material_id,topic) VALUES('mmo8915raepas','逆境翻盘');
INSERT OR IGNORE INTO material_topics(material_id,topic) VALUES('mmo8915raepas','团队协作');
INSERT OR IGNORE INTO material_topics(material_id,topic) VALUES('mmo8915raepas','女性力量');
INSERT OR IGNORE INTO material_topics(material_id,topic) VALUES('mmo8915rai2uo','好奇心');
INSERT OR IGNORE INTO material_topics(material_id,topic) VALUES('mmo8915rai2uo','探索精神');
INSERT OR IGNORE INTO material_topics(material_id,topic) VALUES('mmo8915rai2uo','热爱与坚持');
INSERT OR IGNORE INTO material_topics(material_id,topic) VALUES('mmo8915rai2uo','知行合一');
INSERT OR IGNORE INTO material_topics(material_id,topic) VALUES('mmo8915ra36gl','留白与成长');
INSERT OR IGNORE INTO material_topics(material_id,topic) VALUES('mmo8915ra36gl','快与慢');
INSERT OR IGNORE INTO material_topics(material_id,topic) VALUES('mmo8915ra36gl','独立思考');
INSERT OR IGNORE INTO material_topics(material_id,topic) VALUES('mmo8915ra36gl','沉淀与冲刺');
INSERT OR IGNORE INTO material_topics(material_id,topic) VALUES('mmo8915rb744q','梦想奋斗');
INSERT OR IGNORE INTO material_topics(material_id,topic) VALUES('mmo8915rb744q','选择担当');
INSERT OR IGNORE INTO material_topics(material_id,topic) VALUES('mmo8915rb744q','独立思考');
INSERT OR IGNORE INTO material_topics(material_id,topic) VALUES('mmo8915rb744q','青春成长');
INSERT OR IGNORE INTO material_topics(material_id,topic) VALUES('mmo894dq844dw','平凡与伟大');
INSERT OR IGNORE INTO material_topics(material_id,topic) VALUES('mmo894dq844dw','勇气');
INSERT OR IGNORE INTO material_topics(material_id,topic) VALUES('mmo894dq844dw','善良传递');
INSERT OR IGNORE INTO material_topics(material_id,topic) VALUES('mmo894dq844dw','责任担当');
INSERT OR IGNORE INTO material_topics(material_id,topic) VALUES('mmo894dqbn24q','真诚沟通');
INSERT OR IGNORE INTO material_topics(material_id,topic) VALUES('mmo894dqbn24q','直面问题');
INSERT OR IGNORE INTO material_topics(material_id,topic) VALUES('mmo894dqbn24q','倾听共情');
INSERT OR IGNORE INTO material_topics(material_id,topic) VALUES('mmo894dqbn24q','人际理解');
INSERT OR IGNORE INTO material_topics(material_id,topic) VALUES('mmo894dqblk9o','选择与格局');
INSERT OR IGNORE INTO material_topics(material_id,topic) VALUES('mmo894dqblk9o','教育公平');
INSERT OR IGNORE INTO material_topics(material_id,topic) VALUES('mmo894dqblk9o','共情善良');
INSERT OR IGNORE INTO material_topics(material_id,topic) VALUES('mmo894dqblk9o','知行合一');
INSERT OR IGNORE INTO material_topics(material_id,topic) VALUES('mmo894dqbmlz1','善良共情');
INSERT OR IGNORE INTO material_topics(material_id,topic) VALUES('mmo894dqbmlz1','尊重包容');
INSERT OR IGNORE INTO material_topics(material_id,topic) VALUES('mmo894dqbmlz1','品德修养');
INSERT OR IGNORE INTO material_topics(material_id,topic) VALUES('mmo894dqbmlz1','知行合一');
INSERT OR IGNORE INTO material_topics(material_id,topic) VALUES('mmo894dqbueqn','个人与集体');
INSERT OR IGNORE INTO material_topics(material_id,topic) VALUES('mmo894dqbueqn','团结协作');
INSERT OR IGNORE INTO material_topics(material_id,topic) VALUES('mmo894dqbueqn','每个个体的价值');
INSERT OR IGNORE INTO material_topics(material_id,topic) VALUES('mmo894dqbueqn','秩序与力量');
INSERT OR IGNORE INTO material_topics(material_id,topic) VALUES('mmo894dqbu6it','距离与联系');
INSERT OR IGNORE INTO material_topics(material_id,topic) VALUES('mmo894dqbu6it','平凡与伟大');
INSERT OR IGNORE INTO material_topics(material_id,topic) VALUES('mmo894dqbu6it','命运共同体');
INSERT OR IGNORE INTO material_topics(material_id,topic) VALUES('mmo894dqbu6it','逆境中的人性');
INSERT OR IGNORE INTO material_topics(material_id,topic) VALUES('mmo894dqcnb7j','人际沟通');
INSERT OR IGNORE INTO material_topics(material_id,topic) VALUES('mmo894dqcnb7j','社会公平');
INSERT OR IGNORE INTO material_topics(material_id,topic) VALUES('mmo894dqcnb7j','社会责任');
INSERT OR IGNORE INTO material_topics(material_id,topic) VALUES('mmo894dqcnb7j','民生关怀');
INSERT OR IGNORE INTO material_topics(material_id,topic) VALUES('mmo89bpuv6xx1','文化自信');
INSERT OR IGNORE INTO material_topics(material_id,topic) VALUES('mmo89bpuv6xx1','传承与创新');
INSERT OR IGNORE INTO material_topics(material_id,topic) VALUES('mmo89bpuv6xx1','长期主义');
INSERT OR IGNORE INTO material_topics(material_id,topic) VALUES('mmo89bpuv6xx1','讲好中国故事');
INSERT OR IGNORE INTO material_topics(material_id,topic) VALUES('mmo89bpuza0bo','实力与质疑');
INSERT OR IGNORE INTO material_topics(material_id,topic) VALUES('mmo89bpuza0bo','青春力量');
INSERT OR IGNORE INTO material_topics(material_id,topic) VALUES('mmo89bpuza0bo','坚持与天赋');
INSERT OR IGNORE INTO material_topics(material_id,topic) VALUES('mmo89bpuza0bo','格局');
INSERT OR IGNORE INTO material_topics(material_id,topic) VALUES('mmo89bpuz9t3s','打破垄断');
INSERT OR IGNORE INTO material_topics(material_id,topic) VALUES('mmo89bpuz9t3s','家国情怀');
INSERT OR IGNORE INTO material_topics(material_id,topic) VALUES('mmo89bpuz9t3s','独立成长');
INSERT OR IGNORE INTO material_topics(material_id,topic) VALUES('mmo89bpuz9t3s','突破极限');
INSERT OR IGNORE INTO material_topics(material_id,topic) VALUES('mmo89bpuz27dt','文化自信');
INSERT OR IGNORE INTO material_topics(material_id,topic) VALUES('mmo89bpuz27dt','真实的力量');
INSERT OR IGNORE INTO material_topics(material_id,topic) VALUES('mmo89bpuz27dt','沉淀与长期主义');
INSERT OR IGNORE INTO material_topics(material_id,topic) VALUES('mmo89bpuz27dt','坚守初心');
INSERT OR IGNORE INTO material_topics(material_id,topic) VALUES('mmo89bpuzzxb8','勇气与跨界');
INSERT OR IGNORE INTO material_topics(material_id,topic) VALUES('mmo89bpuzzxb8','面对质疑');
INSERT OR IGNORE INTO material_topics(material_id,topic) VALUES('mmo89bpuzzxb8','学习能力');
INSERT OR IGNORE INTO material_topics(material_id,topic) VALUES('mmo89bpuzzxb8','终身奋斗');
INSERT OR IGNORE INTO material_topics(material_id,topic) VALUES('mmo89bpuz2ugz','追赶与超越');
INSERT OR IGNORE INTO material_topics(material_id,topic) VALUES('mmo89bpuz2ugz','大国制造');
INSERT OR IGNORE INTO material_topics(material_id,topic) VALUES('mmo89bpuz2ugz','长期主义');
INSERT OR IGNORE INTO material_topics(material_id,topic) VALUES('mmo89bpuz2ugz','系统协作');
INSERT OR IGNORE INTO material_topics(material_id,topic) VALUES('mmo89bpv035xq','科技伦理');
INSERT OR IGNORE INTO material_topics(material_id,topic) VALUES('mmo89bpv035xq','真相与信任');
INSERT OR IGNORE INTO material_topics(material_id,topic) VALUES('mmo89bpv035xq','创新与监管');
INSERT OR IGNORE INTO material_topics(material_id,topic) VALUES('mmo89bpv035xq','媒介素养');
INSERT OR IGNORE INTO material_topics(material_id,topic) VALUES('mmo89bpv0hb0f','身份进化');
INSERT OR IGNORE INTO material_topics(material_id,topic) VALUES('mmo89bpv0hb0f','守护公平');
INSERT OR IGNORE INTO material_topics(material_id,topic) VALUES('mmo89bpv0hb0f','低调与本真');
INSERT OR IGNORE INTO material_topics(material_id,topic) VALUES('mmo89bpv0hb0f','终身成长');
INSERT OR IGNORE INTO material_topics(material_id,topic) VALUES('mmo89v9snff8d','真诚的力量');
INSERT OR IGNORE INTO material_topics(material_id,topic) VALUES('mmo89v9snff8d','善良传递');
INSERT OR IGNORE INTO material_topics(material_id,topic) VALUES('mmo89v9snff8d','尊重与平等');
INSERT OR IGNORE INTO material_topics(material_id,topic) VALUES('mmo89v9snff8d','平凡人的温暖');
INSERT OR IGNORE INTO material_topics(material_id,topic) VALUES('mmo89v9sqom1y','小善大爱');
INSERT OR IGNORE INTO material_topics(material_id,topic) VALUES('mmo89v9sqom1y','共情');
INSERT OR IGNORE INTO material_topics(material_id,topic) VALUES('mmo89v9sqom1y','平凡与伟大');
INSERT OR IGNORE INTO material_topics(material_id,topic) VALUES('mmo89v9sqom1y','人间温暖');
INSERT OR IGNORE INTO material_topics(material_id,topic) VALUES('mmo89v9sqaflu','知识的力量');
INSERT OR IGNORE INTO material_topics(material_id,topic) VALUES('mmo89v9sqaflu','初心坚守');
INSERT OR IGNORE INTO material_topics(material_id,topic) VALUES('mmo89v9sqaflu','读书与修养');
INSERT OR IGNORE INTO material_topics(material_id,topic) VALUES('mmo89v9sqaflu','转型智慧');
INSERT OR IGNORE INTO material_topics(material_id,topic) VALUES('mmo89v9sr93jf','纯粹热爱');
INSERT OR IGNORE INTO material_topics(material_id,topic) VALUES('mmo89v9sr93jf','社区力量');
INSERT OR IGNORE INTO material_topics(material_id,topic) VALUES('mmo89v9sr93jf','快乐本质');
INSERT OR IGNORE INTO material_topics(material_id,topic) VALUES('mmo89v9sr93jf','民间活力');
INSERT OR IGNORE INTO material_topics(material_id,topic) VALUES('mmo89v9srdq3c','终身学习');
INSERT OR IGNORE INTO material_topics(material_id,topic) VALUES('mmo89v9srdq3c','知识传播');
INSERT OR IGNORE INTO material_topics(material_id,topic) VALUES('mmo89v9srdq3c','代际对话');
INSERT OR IGNORE INTO material_topics(material_id,topic) VALUES('mmo89v9srdq3c','热爱无年龄');
INSERT OR IGNORE INTO material_topics(material_id,topic) VALUES('mmo89v9srwi8t','人性光辉');
INSERT OR IGNORE INTO material_topics(material_id,topic) VALUES('mmo89v9srwi8t','平凡与伟大');
INSERT OR IGNORE INTO material_topics(material_id,topic) VALUES('mmo89v9srwi8t','团结互助');
INSERT OR IGNORE INTO material_topics(material_id,topic) VALUES('mmo89v9srwi8t','苦难中的成长');
INSERT OR IGNORE INTO question_analysis(id,title,category_id,subcategory_id,question_type,sample_question,tips) VALUES('qa001','科技发展与人文精神','tech','tech-ai','材料作文','阅读下面的材料，根据要求写作。

随着人工智能技术的飞速发展，AI已经深入到我们生活的方方面面。有人欢呼科技带来的便利，也有人担忧人类正在被技术异化。对此，你有怎样的思考？','可从正反两面展开辩证论述，既肯定科技进步的价值，又指出需要人文精神的引导和规范。');
INSERT OR IGNORE INTO question_analysis(id,title,category_id,subcategory_id,question_type,sample_question,tips) VALUES('qa002','自主创新与科技强国','tech','tech-aerospace','命题作文','请以"自主创新的力量"为题，写一篇不少于800字的文章。','可用中国航天从零起步到空间站建成的历程作为核心论据，结合个人或群体角度展开。');
INSERT OR IGNORE INTO question_analysis(id,title,category_id,subcategory_id,question_type,sample_question,tips) VALUES('qa003','奉献精神的当代诠释','rolemodel','rolemodel-scientist','材料作文','阅读下面的材料，根据要求写作。

袁隆平一生致力于杂交水稻研究，即使在九十岁高龄仍坚持下田。他说："我毕生的追求就是让所有人远离饥饿。"','以袁隆平为核心素材，可对比张桂梅、陈立群等人物，从不同角度诠释奉献精神。');
INSERT OR IGNORE INTO question_analysis(id,title,category_id,subcategory_id,question_type,sample_question,tips) VALUES('qa004','教育改变命运','society','society-edu','任务驱动型作文','某校举办"教育与公平"主题论坛，请你作为学生代表写一篇发言稿，谈谈你对教育公平的理解。','可引用张桂梅、陈立群两个素材，一个讲个人坚守，一个讲制度层面的推动，层次更丰富。');
INSERT OR IGNORE INTO question_analysis(id,title,category_id,subcategory_id,question_type,sample_question,tips) VALUES('qa005','人与自然的和谐共生','nature','nature-sustain','话题作文','以"人与自然"为话题，写一篇文章，谈谈你的感悟与思考。','可从宏观政策（两山理论）和微观行动两个层面展开，结合余村转型的具体案例。');
INSERT OR IGNORE INTO question_analysis(id,title,category_id,subcategory_id,question_type,sample_question,tips) VALUES('qa006','文化传承与时代创新','culture','culture-heritage','材料作文','阅读下面的材料，根据要求写作。

樊锦诗扎根敦煌半个多世纪，用"数字敦煌"将千年石窟艺术永久保存。有人说这是最好的传承，也有人说数字化让文化失去了"温度"。','以樊锦诗为主线，讨论传承方式是否只有一种，数字化保存的价值与意义。');
INSERT OR IGNORE INTO question_analysis(id,title,category_id,subcategory_id,question_type,sample_question,tips) VALUES('qa007','平凡中的英雄主义','humanity','humanity-empathy','材料作文','阅读下面的材料，根据要求写作。

外卖小哥彭清林从12米高的桥上纵身跃下，救起落水者。事后他说："我只是个普通人，做了该做的事。"','以彭清林为核心素材，可拓展讨论平凡人不平凡的选择，用对比论证深化主题。');
INSERT OR IGNORE INTO question_analysis(id,title,category_id,subcategory_id,question_type,sample_question,tips) VALUES('qa008','青春与梦想','youth','youth-dream','命题作文','请以"青春的模样"为题，写一篇不少于800字的文章。','可引用中国女足逆转夺冠的拼搏精神，结合当代青年的使命担当展开论述。');
INSERT OR IGNORE INTO question_analysis(id,title,category_id,subcategory_id,question_type,sample_question,tips) VALUES('qa009','家国情怀与个人选择','patriotism','patriotism-spirit','材料作文','阅读下面的材料，根据要求写作。

林则徐写道："苟利国家生死以，岂因祸福避趋之。"从古至今，无数仁人志士在国家需要时挺身而出。','可从古代（林则徐）到当代（航天人、张桂梅）纵向列举，体现家国情怀的时代传承。');
INSERT OR IGNORE INTO question_analysis(id,title,category_id,subcategory_id,question_type,sample_question,tips) VALUES('qa010','规则与自由','philosophy','phil-dialectic','话题作文','以"规则与自由"为话题，写一篇不少于800字的文章，谈谈你的思考。','引用"不以规矩，不能成方圆"作为论据，可结合社会现象讨论规则意识的必要性。');
INSERT OR IGNORE INTO question_analysis(id,title,category_id,subcategory_id,question_type,sample_question,tips) VALUES('qa011','品德修养与人生价值','virtue','virtue-duty','材料作文','阅读下面的材料，根据要求写作。

曾子曰："士不可以不弘毅，任重而道远。"在当今社会，这句话带给你怎样的启示？','从经典名句出发，联系当代青年的责任担当，可结合时代楷模素材展开。');
INSERT OR IGNORE INTO question_analysis(id,title,category_id,subcategory_id,question_type,sample_question,tips) VALUES('qa012','平凡人的不平凡选择','rolemodel','rolemodel-hero','材料作文','阅读下面的材料，根据要求写作。

有人说英雄是改变历史的人，有人说英雄是在关键时刻做出正确选择的普通人。你如何看待"英雄"？','可引用彭清林见义勇为等平凡英雄素材，讨论英雄不问出处。');
INSERT OR IGNORE INTO qa_angles(qa_id,angle) VALUES('qa001','科技进步的双面性');
INSERT OR IGNORE INTO qa_angles(qa_id,angle) VALUES('qa001','科技伦理的边界');
INSERT OR IGNORE INTO qa_angles(qa_id,angle) VALUES('qa001','工具理性与价值理性');
INSERT OR IGNORE INTO qa_angles(qa_id,angle) VALUES('qa001','人与技术的共生关系');
INSERT OR IGNORE INTO qa_angles(qa_id,angle) VALUES('qa002','自力更生的精神');
INSERT OR IGNORE INTO qa_angles(qa_id,angle) VALUES('qa002','科技创新的国家意义');
INSERT OR IGNORE INTO qa_angles(qa_id,angle) VALUES('qa002','从追赶到引领');
INSERT OR IGNORE INTO qa_angles(qa_id,angle) VALUES('qa002','坚持与突破');
INSERT OR IGNORE INTO qa_angles(qa_id,angle) VALUES('qa003','小我与大我');
INSERT OR IGNORE INTO qa_angles(qa_id,angle) VALUES('qa003','选择与坚守');
INSERT OR IGNORE INTO qa_angles(qa_id,angle) VALUES('qa003','平凡中的伟大');
INSERT OR IGNORE INTO qa_angles(qa_id,angle) VALUES('qa003','知行合一');
INSERT OR IGNORE INTO qa_angles(qa_id,angle) VALUES('qa004','教育公平的社会意义');
INSERT OR IGNORE INTO qa_angles(qa_id,angle) VALUES('qa004','个人努力与制度保障');
INSERT OR IGNORE INTO qa_angles(qa_id,angle) VALUES('qa004','知识改变命运的当代思考');
INSERT OR IGNORE INTO qa_angles(qa_id,angle) VALUES('qa005','敬畏自然');
INSERT OR IGNORE INTO qa_angles(qa_id,angle) VALUES('qa005','发展与保护的平衡');
INSERT OR IGNORE INTO qa_angles(qa_id,angle) VALUES('qa005','可持续发展的哲学思考');
INSERT OR IGNORE INTO qa_angles(qa_id,angle) VALUES('qa005','绿水青山就是金山银山');
INSERT OR IGNORE INTO qa_angles(qa_id,angle) VALUES('qa006','传承与创新的辩证关系');
INSERT OR IGNORE INTO qa_angles(qa_id,angle) VALUES('qa006','文化保护的时代课题');
INSERT OR IGNORE INTO qa_angles(qa_id,angle) VALUES('qa006','科技助力文化传承');
INSERT OR IGNORE INTO qa_angles(qa_id,angle) VALUES('qa006','坚守与变革');
INSERT OR IGNORE INTO qa_angles(qa_id,angle) VALUES('qa007','平凡与伟大');
INSERT OR IGNORE INTO qa_angles(qa_id,angle) VALUES('qa007','勇气的本质');
INSERT OR IGNORE INTO qa_angles(qa_id,angle) VALUES('qa007','普通人的社会责任');
INSERT OR IGNORE INTO qa_angles(qa_id,angle) VALUES('qa007','善良的力量');
INSERT OR IGNORE INTO qa_angles(qa_id,angle) VALUES('qa008','梦想的力量');
INSERT OR IGNORE INTO qa_angles(qa_id,angle) VALUES('qa008','永不言弃的精神');
INSERT OR IGNORE INTO qa_angles(qa_id,angle) VALUES('qa008','青春的责任与担当');
INSERT OR IGNORE INTO qa_angles(qa_id,angle) VALUES('qa008','个人梦与中国梦');
INSERT OR IGNORE INTO qa_angles(qa_id,angle) VALUES('qa009','个人命运与国家命运');
INSERT OR IGNORE INTO qa_angles(qa_id,angle) VALUES('qa009','大我与小我');
INSERT OR IGNORE INTO qa_angles(qa_id,angle) VALUES('qa009','时代赋予的使命');
INSERT OR IGNORE INTO qa_angles(qa_id,angle) VALUES('qa009','青年担当');
INSERT OR IGNORE INTO qa_angles(qa_id,angle) VALUES('qa010','规则是自由的前提');
INSERT OR IGNORE INTO qa_angles(qa_id,angle) VALUES('qa010','没有规矩不成方圆');
INSERT OR IGNORE INTO qa_angles(qa_id,angle) VALUES('qa010','自由是规则的目的');
INSERT OR IGNORE INTO qa_angles(qa_id,angle) VALUES('qa010','辩证统一');
INSERT OR IGNORE INTO qa_angles(qa_id,angle) VALUES('qa011','责任与担当');
INSERT OR IGNORE INTO qa_angles(qa_id,angle) VALUES('qa011','志向与毅力');
INSERT OR IGNORE INTO qa_angles(qa_id,angle) VALUES('qa011','个人修养与社会责任');
INSERT OR IGNORE INTO qa_angles(qa_id,angle) VALUES('qa011','知行合一');
INSERT OR IGNORE INTO qa_angles(qa_id,angle) VALUES('qa012','英雄的时代内涵');
INSERT OR IGNORE INTO qa_angles(qa_id,angle) VALUES('qa012','平凡与伟大');
INSERT OR IGNORE INTO qa_angles(qa_id,angle) VALUES('qa012','选择的勇气');
INSERT OR IGNORE INTO qa_angles(qa_id,angle) VALUES('qa012','英雄在民间');
INSERT OR IGNORE INTO exam_questions(id,year,region,region_type,content,requirement,analysis,created_at) VALUES('eq001','2025','全国一卷','national','他想要给孩子们唱上一段，可是心里直翻腾，开不了口。——老舍《鼓书艺人》

假如我是一只鸟，我也应该用嘶哑的喉咙歌唱——艾青《我爱这土地》

我要以带血的手和你们一一拥抱，因为一个民族已经起来——穆旦《赞美》

以上材料引发了你怎样的联想和思考？请写一篇文章。','选准角度，确定立意，明确文体，自拟标题；不要套作，不得抄袭；不得泄露个人信息；不少于800字。','本题以三段经典诗文为材料，聚焦家国情怀与个人表达的主题。老舍的沉默、艾青的嘶哑歌唱、穆旦的带血拥抱，从不同角度呈现了知识分子的情感张力。命题引导学生思考个人与民族的关系，考查对经典文学作品的理解深度和思辨能力。','2026-04-13');
INSERT OR IGNORE INTO exam_questions(id,year,region,region_type,content,requirement,analysis,created_at) VALUES('eq002','2025','全国二卷','national','"昨夜闲潭梦落花""我欲因之梦吴越""铁马冰河入梦来"……梦往往以一种独特的方式呈现我们的感受和期冀，为我们打开更浩瀚的天空。我们也常常向别人讲述自己的梦，用文字记录自己的梦，以行动实现自己的梦。

如果有一天，我们能够将梦赠予他人……

以上材料引发了你怎样的联想和思考？请写一篇文章。','选准角度，确定立意，明确文体，自拟标题；不要套作，不得抄袭；不得泄露个人信息；不少于800字。','本题以古诗词中的''梦''意象为引子，从文学想象延伸到个人理想与社会愿景。''将梦赠予他人''的假设富有想象力，引导学生思考梦想的共享与传递。命题兼具文学素养和哲学思辨的双重考查。','2026-04-13');
INSERT OR IGNORE INTO exam_questions(id,year,region,region_type,content,requirement,analysis,created_at) VALUES('eq003','2025','北京卷','independent','议论文：运动员在中长跑时会出现"极点"反应：呼吸艰难，四肢乏力。但通过调整节奏、激发斗志，越过极点后，身体会重获活力，奔跑会进入新阶段。这样的现象被称为"第二次呼吸"。其实，很多领域都存在类似现象。

请以"由''第二次呼吸''说开去"为题，写一篇议论文。

记叙文：生活中，到处都有数字在闪耀，如比赛记分牌、新年倒计时、车站电子时刻表、智能家电显示屏等。数字闪耀之时，可能是激动的时刻，可能是收获的见证，也可能是幸福的日常……

请以"当数字闪耀时"为题，写一篇记叙文。','议论文：论点明确，论据充实，论证合理；语言流畅，书写清晰。记叙文：思想健康；内容充实、合理，有细节描写；语言流畅，书写清晰。不少于700字。','北京卷延续了二选一传统。议论文以体育生理现象为喻，引导考生将专业概念迁移到更广泛的人生领域，考查类比思维和论证能力。记叙文以''数字闪耀''为题，贴近日常生活，考查观察力和叙事能力。','2026-04-13');
INSERT OR IGNORE INTO exam_questions(id,year,region,region_type,content,requirement,analysis,created_at) VALUES('eq004','2025','天津卷','independent','车轮的辐条一根一根，向心辏集，连接起居于中心的轮毂。辐集而轮运，劲直的辐条汇聚于轮毂，车轮支撑起载重的车辆，滚滚向前。你对这段话有怎样的联想与思考？请结合自身体验，写一篇文章。','自选角度，自拟标题；文体不限（诗歌除外），文体特征明显；不少于800字；不得抄袭，不得套作。','本题以车轮结构为喻，生动阐释了''汇聚''与''前行''的关系。辐条向心辏集暗示团结凝聚，车轮载重前行暗示使命担当。命题意象鲜明，哲理深刻，开放性强。','2026-04-13');
INSERT OR IGNORE INTO exam_questions(id,year,region,region_type,content,requirement,analysis,created_at) VALUES('eq005','2025','上海卷','independent','有学者用"专""转""传"概括当下三类文章："专"指专业文章；"转"指被转发的通俗文章；"传"指获得广泛传播的佳作，甚至是传世文章。他提出，专业文章可以变成被转发的通俗文章，而面对大量"转"文，读者又不免期待可传世的文章。

由"专"到"传"，必定要经过"转"吗？请联系社会生活，写一篇文章，谈谈你的认识与思考。','自拟题目；不少于800字。','上海卷延续了其一贯的哲学思辨风格。''专转传''三字概括了当代内容传播的三个层次，核心问题是专业价值与传播路径的关系。命题既贴近信息时代现实，又具有深层思辨空间。','2026-04-13');
INSERT OR IGNORE INTO exam_questions(id,year,region,region_type,content,requirement,analysis,created_at) VALUES('eq006','2024','全国甲卷','national','每个人都要学习与他人相处。有时，我们为避免冲突而不愿表达自己的想法。其实，坦诚交流才有可能迎来真正的相遇。

这引发了你怎样的联想和思考？请写一篇文章。','选准角度，确定立意，明确文体，自拟标题；不要套作，不得抄袭；不得泄露个人信息；不少于800字。','本题聚焦人际交往中最朴素也最深刻的道理：坦诚。命题简洁明了，但内涵丰富，可从心理学、社会学、哲学等多角度展开。引导学生关注日常生活中的沟通智慧。','2026-04-13');
INSERT OR IGNORE INTO exam_questions(id,year,region,region_type,content,requirement,analysis,created_at) VALUES('eq007','2024','新课标I卷','new','随着互联网的普及、人工智能的应用，越来越多的问题能很快得到答案。那么，我们的问题是否会越来越少？

以上材料引发了你怎样的联想和思考？请写一篇文章。','选准角度，确定立意，明确文体，自拟标题；不要套作，不得抄袭；不得泄露个人信息；不少于800字。','本题紧扣AI时代热点，以一个看似简单的设问触发深层思考。''问题是否会越来越少''看似技术问题，实则涉及认知论和哲学思考。命题既贴近学生生活体验，又具有思辨深度。','2026-04-13');
INSERT OR IGNORE INTO exam_questions(id,year,region,region_type,content,requirement,analysis,created_at) VALUES('eq008','2024','新课标II卷','new','本试卷现代文阅读I提到，长久以来，人们只能看到月球固定朝向地球的一面，"嫦娥四号"探月任务揭开了月背的神秘面纱；随着"天问一号"飞离地球，航天人的目光又投向遥远的深空……

正如人类的太空之旅，我们每个人也都在不断抵达未知之境。

这引发了你怎样的联想与思考？请写一篇文章。','选准角度，确定立意，明确文体，自拟标题；不要套作，不得抄袭；不得泄露个人信息；不少于800字。','本题以中国航天成就为背景材料，从''嫦娥四号''到''天问一号''，将国家科技成就与个人成长体验关联起来。''不断抵达未知之境''既是航天探索的写照，也是人生历程的隐喻。','2026-04-13');
INSERT OR IGNORE INTO exam_questions(id,year,region,region_type,content,requirement,analysis,created_at) VALUES('eq009','2024','北京卷','independent','议论文：几千年来，古老的经典常读常新，杰出的思想常用常新，中华民族的伟大精神亘古常新……很多事物，在时间的淬炼中，愈显活力和价值。

请以"历久弥新"为题目，写一篇议论文。

记叙文：个人成长需要打开视野，人际交往需要打开心扉，科技创新需要打开思路……打开，发现新的自己；打开，带来新的气象。每一次"打开"，都有一段故事。

请以"打开"为题目，写一篇记叙文。','议论文：论点明确，论据充分，论证合理；语言流畅，书写清晰。记叙文：思想健康；内容充实、合理，有细节描写；语言流畅，书写清晰。不少于700字。','北京卷二选一，议论文题目''历久弥新''聚焦传统文化与时代精神的结合，考查对文化传承的理解。记叙文题目''打开''简洁有力，给考生广阔的叙事空间。','2026-04-13');
INSERT OR IGNORE INTO exam_questions(id,year,region,region_type,content,requirement,analysis,created_at) VALUES('eq010','2024','天津卷','independent','在缤纷的世界中，无论是个人、群体还是国家，都会面对别人对我们的定义。我们要认真对待"被定义"，明辨是非，去芜存真，为自己的提升助力；也要勇于通过"自定义"来塑造自我，彰显风华，用自己的方式前进。

以上材料能引发你怎样的联想与思考？请结合你的体验和感悟，写一篇文章。','自选角度，自拟标题；文体不限（诗歌除外），文体特征明显；不少于800字；不得抄袭，不得套作。','本题以''被定义''与''自定义''为核心概念，探讨自我认知与外部评价的关系。既适用于个人成长，也适用于国家民族的发展定位，具有很强的开放性和现实意义。','2026-04-13');
INSERT OR IGNORE INTO exam_questions(id,year,region,region_type,content,requirement,analysis,created_at) VALUES('eq011','2024','上海卷','independent','生活中，人们常用认可度判别事物，区分高下。请写一篇文章，谈谈你对"认可度"的认识和思考。','自拟题目；不少于800字。','上海卷以''认可度''为题，简洁而富有思辨性。认可度是当代社会中普遍使用的评价标准，但其合理性和局限性值得深入探讨。命题考查学生的独立思考能力和批判性思维。','2026-04-13');
INSERT OR IGNORE INTO exam_questions(id,year,region,region_type,content,requirement,analysis,created_at) VALUES('eq012','2023','全国甲卷','national','人们因技术发展得以更好地掌控时间，但也有人因此成了时间的仆人。

这句话引发了你怎样的联想与思考？请写一篇文章。','选准角度，确定立意，明确文体，自拟标题；不要套作，不得抄袭；不得泄露个人信息；不少于800字。','本题以一句话为材料，简洁而深刻。''掌控时间''与''时间的仆人''形成鲜明对比，引导学生反思技术发展与生活质量的关系。命题贴近当代生活，具有普遍的共鸣性。','2026-04-13');
INSERT OR IGNORE INTO exam_questions(id,year,region,region_type,content,requirement,analysis,created_at) VALUES('eq013','2023','全国乙卷','national','吹灭别人的灯，并不会让自己更加光明；阻挡别人的路，也不会让自己行得更远。

"一花独放不是春，百花齐放春满园。"如果世界上只有一种花朵，就算这种花朵再美，那也是单调的。

以上两则材料以生动形象的语言说出了普遍的道理。请据此写一篇文章，体现你的认识与思考。','选准角度，确定立意，明确文体，自拟标题；不要套作，不得抄袭；不得泄露个人信息；不少于800字。','本题以两则生动比喻阐述共赢与包容的道理。''吹灭别人的灯''和''一花独放''形成双重论证，引导学生理解合作共赢、多元包容的价值观。命题具有鲜明的时代导向性。','2026-04-13');
INSERT OR IGNORE INTO exam_questions(id,year,region,region_type,content,requirement,analysis,created_at) VALUES('eq014','2023','新课标I卷','new','好的故事，可以帮我们更好地表达和沟通，可以触动心灵、启迪智慧；好的故事，可以改变一个人的命运，可以展现一个民族的形象……故事是有力量的。

以上材料引发了你怎样的联想和思考？请写一篇文章。','选准角度，确定立意，明确文体，自拟标题；不要套作，不得抄袭；不得泄露个人信息；不少于800字。','本题以''故事的力量''为主题，从个人沟通到民族形象层层递进。命题具有很强的现实意义，引导学生认识叙事能力的重要性，思考如何通过故事传递价值和力量。','2026-04-13');
INSERT OR IGNORE INTO exam_questions(id,year,region,region_type,content,requirement,analysis,created_at) VALUES('eq015','2023','新课标II卷','new','本试卷语言文字运用II提到的"安静一下不被打扰"的想法，在当代青少年中也不鲜见。青少年在学习、生活中，有时希望有一个自己的空间，放松，沉淀，成长。

请结合以上材料写一篇文章。','选准角度，确定立意，明确文体，自拟标题；不要套作，不得抄袭；不得泄露个人信息；不少于800字。','本题聚焦青少年的内心需求，以''安静不被打扰''为切入点，关注当代青年的心理健康和成长空间。命题贴近学生真实体验，具有很强的共情力和现实关怀。','2026-04-13');
INSERT OR IGNORE INTO exam_questions(id,year,region,region_type,content,requirement,analysis,created_at) VALUES('eq016','2023','北京卷','independent','议论文："续航"一词，原指连续航行，今天在使用中被赋予了新的含义，如为青春续航、科技为经济发展续航等。

请以"续航"为题目，写一篇议论文。

记叙文：舞台上，戏曲演员有登场亮相的瞬间。生活中也有许多亮相时刻：国旗下的讲话，研学成果的汇报，新产品的发布……每一次亮相，都受到众人关注；每一次亮相，也会有一段故事。

请以"亮相"为题目，写一篇记叙文。','议论文：论点明确，论据充实，论证合理；语言流畅，书写清晰。记叙文：思想健康，内容充实、合理，有细节描写；语言流畅，书写清晰。不少于700字。','北京卷延续二选一模式。''续航''考查对词语新意的理解和社会现象的思考，''亮相''考查叙事能力和对生活细节的捕捉。两个题目都贴近生活，开放性强。','2026-04-13');
INSERT OR IGNORE INTO exam_questions(id,year,region,region_type,content,requirement,analysis,created_at) VALUES('eq017','2023','天津卷','independent','与有肝胆人共事，从无字句处读书。

一代人有一代人的使命与挑战，一代人有一代人的责任和担当。一个世纪前，在津求学的青年周恩来撰写了这副对联，在交友处事与读书求知方面警勉自己。品读此联，你有怎样的联想和思考？请任选角度，结合自己的体验与感悟，写一篇文章。','自拟标题；文体不限（诗歌除外），文体特征明显；不少于800字；不得抄袭，不得套作。','本题以周恩来青年时代的对联为材料，将历史人物的精神追求与当代青年的成长联系起来。对联中的''肝胆''和''无字句''均有深意，考查学生对传统文化和人生哲理的理解。','2026-04-13');
INSERT OR IGNORE INTO exam_questions(id,year,region,region_type,content,requirement,analysis,created_at) VALUES('eq018','2023','上海卷','independent','一个人乐意去探索陌生世界，仅仅是因为好奇心吗？请写一篇文章，谈谈你对这个问题的认识和思考。','自拟题目；不少于800字。','上海卷以一个设问开启思辨：探索陌生世界仅仅因为好奇心吗？题目看似简单，实则引导学生思考人类探索行为的多元动机，考查逻辑分析和多角度思考能力。','2026-04-13');
INSERT OR IGNORE INTO exam_questions(id,year,region,region_type,content,requirement,analysis,created_at) VALUES('eq019','2022','全国甲卷','national','《红楼梦》写到"大观园试才题对额"时有一个情节，为元妃省亲修建的大观园竣工后，众人给园中桥上亭子的匾额题名。有人主张从欧阳修《醉翁亭记》"有亭翼然"一句中取"翼然"二字；贾政认为"此亭压水而成"，主张从"泻出于两峰之间"中拈出一个"泻"字，有人即附和题为"泻玉"；贾宝玉则觉得用"沁芳"更为新雅。

以上材料中，众人给匾额题名，或直接移用，或借鉴化用，或根据情境独创，产生了不同的艺术效果。这个现象也能在更广泛的领域给人以启示。请你结合自己的学习和生活经验，写一篇文章。','选准角度，确定立意，明确文体，自拟标题；不要套作，不得抄袭；不得泄露个人信息；不少于800字。','本题以《红楼梦》经典情节为材料，将文学鉴赏与创新思维结合起来。三种题名方式（移用、化用、独创）暗喻了知识传承的三个层次。命题既考查文学素养，又考查思辨能力，是文学与哲学的完美融合。','2026-04-13');
INSERT OR IGNORE INTO exam_questions(id,year,region,region_type,content,requirement,analysis,created_at) VALUES('eq020','2022','全国乙卷','national','双奥之城，闪耀世界。两次奥运会，都显示了中国体育发展的新高度，展示了中国综合国力的跨越式发展，也见证了你从懵懂儿童向有为青年的跨越。

请结合以上材料，以"跨越，再跨越"为主题写一篇文章，体现你的感受与思考。','选准角度，确定立意，明确文体，自拟标题；不要套作，不得抄袭；不得泄露个人信息；不少于800字。','本题以北京双奥为背景，将国家发展成就与个人成长经历联系起来。''跨越，再跨越''既是主题也是精神，考查学生的家国情怀和对时代发展的理解。','2026-04-13');
INSERT OR IGNORE INTO exam_questions(id,year,region,region_type,content,requirement,analysis,created_at) VALUES('eq021','2022','新高考I卷','new','"本手、妙手、俗手"是围棋的三个术语。本手是指合乎棋理的正规下法；妙手是指出人意料的精妙下法；俗手是指貌似合理，而从全局看通常会受损的下法。

本手是基础，妙手是创造。一般来说，对本手理解深刻，才可能出现妙手；否则，难免下出俗手，水平也不易提升。

以上材料对我们颇具启示意义。请结合材料写一篇文章。','选准角度，确定立意，明确文体，自拟标题；不要套作，不得抄袭；不得泄露个人信息；不少于800字。','本题以围棋术语为材料，''本手''''妙手''''俗手''三者的关系暗喻了基础与创新的辩证关系。命题精巧，将专业领域知识转化为普适性的人生哲理，考查学生的类比思维和论证能力。','2026-04-13');
INSERT OR IGNORE INTO exam_questions(id,year,region,region_type,content,requirement,analysis,created_at) VALUES('eq022','2022','新高考II卷','new','中国共产主义青年团成立100周年之际，中央广播电视总台推出微纪录片，介绍一组在不同行业奋发有为的人物。他们选择了自己热爱的行业，也选择了事业创新发展的方向，展示出开启未来的力量。

复兴中学团委将组织以"选择·创造·未来"为主题的征文活动，请结合以上材料写一篇文章。','选准角度，确定立意，明确文体，自拟标题；不要套作，不得抄袭；不得泄露个人信息；不少于800字。','本题以建团百年为背景，围绕''选择·创造·未来''三个关键词展开。材料中的科学家、摄影家、建筑家代表了不同领域的选择与创造，引导学生思考个人发展与时代使命的关系。','2026-04-13');
INSERT OR IGNORE INTO exam_questions(id,year,region,region_type,content,requirement,analysis,created_at) VALUES('eq023','2022','北京卷','independent','议论文：古人说，"学不可以已"，重视学习是中华民族的优良传统。在当代中国，人们对学习的理解与古人有相同之处，也有不一样的地方。

请以"学习今说"为题目，写一篇议论文。

记叙文：网络时代、疫情期间，很多活动转向"线上"，你一定有不少关于"在线"的经历、见闻和感受。

请以"在线"为题目，写一篇记叙文。','议论文：论点明确，论据充实，论证合理；语言流畅，书写清晰。记叙文：思想健康；内容合理、充实，有细节描写；语言流畅，书写清晰。不少于700字。','北京卷二选一。''学习今说''以古论今，考查学生对学习这一传统话题的当代理解。''在线''紧扣疫情背景，考查学生对特殊时期生活体验的叙事能力。','2026-04-13');
INSERT OR IGNORE INTO exam_questions(id,year,region,region_type,content,requirement,analysis,created_at) VALUES('eq024','2022','天津卷','independent','烟火气是家人团坐，灯火可亲；烟火气是国泰民丰，岁月安好；烟火气是温情，是祥和，需要珍惜和守护，也需要奉献和担当。寻常烟火，就是最美的风景。

你对这段话有怎样的思考和感悟？请结合自身体验，写一篇文章。','自选角度，自拟标题；文体不限（诗歌除外），文体特征明显；不少于800字；不得抄袭，不得套作。','本题以''烟火气''为核心意象，从家庭温馨到国家安宁层层递进。命题语言优美，情感真挚，引导学生关注日常生活中的美好，思考个人与社会的和谐关系。','2026-04-13');
INSERT OR IGNORE INTO exam_questions(id,year,region,region_type,content,requirement,analysis,created_at) VALUES('eq025','2022','浙江卷','independent','近年来，浙江省着力强化创新驱动，深入实施人才强省、创新强省首位战略。新时代浙江青年，在各行各业、不同领域开拓创新。

以上材料对你未来发展有什么启示？请写一篇文章。','角度自选，立意自定，题目自拟；明确文体，不得写成诗歌；不得少于800字；不得抄袭、套作。','本题以浙江省的创新实践为背景，关注地方发展与青年成长的关系。材料中的具体人物事迹为考生提供了丰富的写作素材，命题具有较强的地域特色和时代感。','2026-04-13');
INSERT OR IGNORE INTO exam_questions(id,year,region,region_type,content,requirement,analysis,created_at) VALUES('eq026','2021','全国甲卷','national','中国共产党走过百年历程。在党团结带领人民进行的伟大斗争中孕育的革命文化和社会主义先进文化，已经深深融入我们的血脉和灵魂。我们心中有阳光，我们脚下有力量。我们的未来将融汇于中华民族伟大复兴的新征程，我们处在一个大有可为的时代……

请结合材料，以"可为与有为"为主题，写一篇文章。','选准角度，确定立意，明确文体，自拟标题；不要套作，不得抄袭；不得泄露个人信息；不少于800字。','本题以建党百年为时代背景，围绕''可为与有为''展开。''可为''指时代机遇，''有为''指个人作为，二者的结合体现了时代与个人的辩证统一。命题具有鲜明的政治导向和价值引领意义。','2026-04-13');
INSERT OR IGNORE INTO exam_questions(id,year,region,region_type,content,requirement,analysis,created_at) VALUES('eq027','2021','全国乙卷','national','古人常以比喻说明对理想的追求。如汉代扬雄就曾以射箭为喻："修身以为弓，矫思以为矢，立义以为的，奠而后发，发必中矣。"大意是，只要不断加强修养，端正思想，并将"义"作为确定的目标，再付诸行动，就能实现理想。

上述材料能给追求理想的当代青年以启示，请结合你对自身发展的思考写一篇文章。','选准角度，确定立意，明确文体，自拟标题；不要套作，不得抄袭；不得泄露个人信息；不少于800字。','本题以扬雄的射箭之喻为材料，将古代哲学智慧与当代青年的理想追求联系起来。弓、矢、的、发分别对应修养、思想、目标、行动，结构清晰，寓意深刻。','2026-04-13');
INSERT OR IGNORE INTO exam_questions(id,year,region,region_type,content,requirement,analysis,created_at) VALUES('eq028','2021','新高考I卷','new','1917年4月，毛泽东在《新青年》发表《体育之研究》一文，其中论及"体育之效"时指出：人的身体会天天变化。生而强者如果滥用其强，最终也许会转为至弱；而弱者如果勤自锻炼，增益其所不能，久之也会变而为强。

以上论述具有启示意义。请结合材料写一篇文章。','选准角度，确定立意，明确文体，自拟标题；不要套作，不得抄袭；不得泄露个人信息；不少于800字。','本题以毛泽东青年时期的体育论述为材料，核心是强弱的辩证转化。命题将体育哲理延伸到更广泛的人生领域，考查学生的辩证思维和历史素养。','2026-04-13');
INSERT OR IGNORE INTO exam_questions(id,year,region,region_type,content,requirement,analysis,created_at) VALUES('eq029','2021','北京卷','independent','议论文：每个人都生活在特定的时代，每个人在特定时代中的人生道路各不相同。在同一个时代，有人慨叹生不逢时，有人只愿安分随时，有人深感生逢其时、时不我待……

请以"论生逢其时"为题目，写一篇议论文。

记叙文：瓜熟蒂落、羽翼丰满，这是草木鸟兽成熟的模样；但对我们而言，真正的成熟却不仅仅指身体的长成……

请以"这，才是成熟的模样"为题目，写一篇记叙文。','议论文：论点明确，论据充实，论证合理；语言流畅，书写清晰。记叙文：思想健康；内容充实，有细节描写；语言流畅，书写清晰。不少于700字。','北京卷二选一。''论生逢其时''考查学生对个人与时代关系的思考，''这，才是成熟的模样''考查学生对成长的理解和叙事能力。两个题目都关注青年与时代的关系。','2026-04-13');
INSERT OR IGNORE INTO exam_questions(id,year,region,region_type,content,requirement,analysis,created_at) VALUES('eq030','2020','全国I卷','national','春秋时期，齐国的公子纠与公子小白争夺君位，管仲和鲍叔分别辅佐他们。管仲带兵阻击小白，用箭射中他的衣带钩，小白装死逃脱。后来小白即位为君，史称齐桓公。鲍叔对桓公说，要想成就霸王之业，非管仲不可。于是桓公重用管仲，鲍叔甘居其下，终成一代霸业。

班级计划举行读书会，围绕上述材料展开讨论。齐桓公、管仲和鲍叔三人，你对哪个感触最深？请结合你的感受和思考写一篇发言稿。','结合材料，选好角度，确定立意，明确文体，自拟标题；不要套作，不得抄袭；不得泄露个人信息；不少于800字。','本题以历史典故为材料，要求从三个角色中选择一个感触最深的来写发言稿。命题巧妙地设置了''说理交际语境''（班级读书会发言），考查学生的历史理解力和应用文写作能力。','2026-04-13');
INSERT OR IGNORE INTO exam_questions(id,year,region,region_type,content,requirement,analysis,created_at) VALUES('eq031','2020','全国II卷','national','墨子说："视人之国，若视其国；视人之家，若视其家；视人之身，若视其身。"英国诗人约翰·多恩说："没有人是自成一体、与世隔绝的孤岛。"

2020年的春天，国际社会援助中国的物资上印着"青山一道同云雨，明月何曾是两乡"；中国援助其他国家的物资上印着"山和山不相遇，人和人要相逢"。

"世界青年与社会发展论坛"邀请你作为中国青年代表参会，发表以"携手同一世界，青年共创未来"为主题的中文演讲。请完成一篇演讲稿。','结合材料内容及含意完成写作任务；选好角度，确定立意，明确文体，自拟标题；不要套作，不得抄袭；不得泄露个人信息；不少于800字。','本题紧扣2020年疫情背景，以国际援助为切入点，考查学生对''人类命运共同体''理念的理解。命题要求写演讲稿，考查应用文写作和公共表达能力。','2026-04-13');
INSERT OR IGNORE INTO exam_questions(id,year,region,region_type,content,requirement,analysis,created_at) VALUES('eq032','2020','新高考I卷','new','面对突发的新冠肺炎疫情，国家坚持人民至上、生命至上，果断采取防控措施。

人们居家隔离，取消出访和聚会；防疫拉开了人们的距离。城乡社区干部、志愿者站岗值守，医学专家实时在线，快递员顶风冒雨，教师坚守岗位……抗疫密切了人们的联系。

请综合以上材料，以"疫情中的距离与联系"为主题写一篇文章。','选准角度，确定立意，明确文体，自拟标题；不要套作，不得抄袭；不得泄露个人信息；不少于800字。','本题以2020年疫情为背景，聚焦''距离与联系''这对看似矛盾的概念。物理上的距离拉开了，但人与人之间的联系反而更加紧密。命题贴近生活体验，考查辩证思维能力。','2026-04-13');
INSERT OR IGNORE INTO exam_questions(id,year,region,region_type,content,requirement,analysis,created_at) VALUES('eq033','2019','全国I卷','national','"民生在勤，勤则不匮"，劳动是财富的源泉，也是幸福的源泉。可是现实生活中，也有一些同学不理解劳动，不愿意劳动。

请结合材料内容，面向本校（统称"复兴中学"）同学写一篇演讲稿，倡议大家"热爱劳动，从我做起"。','自拟标题，自选角度，确定立意；不要套作，不得抄袭；不得泄露个人信息；不少于800字。','本题以劳动教育为主题，要求写演讲稿，考查应用文写作能力。材料中列出了不重视劳动的三种典型观点，为论证提供了靶子。命题回应了当时社会对劳动教育的关注。','2026-04-13');
INSERT OR IGNORE INTO exam_questions(id,year,region,region_type,content,requirement,analysis,created_at) VALUES('eq034','2019','全国II卷','national','1919年，民族危亡之际，中国青年学生掀起反帝反封建的伟大爱国革命运动。1949年，中国人从此站立起来了！1979年，"科学的春天"生机勃勃。2019年，新时代青年奋勇接棒，宣誓"强国有我"。2049年，中华民族实现伟大复兴……

请从下列任务中任选一个，以青年学生当事人的身份完成写作。①1919年5月4日学生集会演讲稿；②1949年10月1日写给家人的信；③1979年开学典礼后写给同学的信；④2019年纪念五四运动观后感；⑤2049年写给功勋人物的慰问信。','结合材料，自选角度，确定立意；切合身份，贴合背景；符合文体特征；不要套作，不得抄袭；不少于800字。','本题以五个历史节点为线索，要求考生选择一个身份代入写作。命题设计极具创意，将历史意识、身份意识和文体意识融为一体，考查学生的历史理解力和角色代入能力。','2026-04-13');
INSERT OR IGNORE INTO exam_questions(id,year,region,region_type,content,requirement,analysis,created_at) VALUES('eq035','2019','北京卷','independent','议论文："韧性"是指物体柔软坚实、不易折断的性质。中华文明历经风雨，绵延至今，体现出"韧"的精神。

请以"文明的韧性"为题，写一篇议论文。

记叙文：色彩，指颜色；不同的色彩常被赋予不同的意义。2019年，五四运动100周年，共和国70华诞。作为在这个特殊年份参加高考的学生，你会赋予2019年哪一种色彩？

请以"2019的色彩"为题，写一篇记叙文。','议论文：观点明确，论据充分，论证合理。记叙文：思想健康，内容充实，感情真挚，运用多种表达方式。不少于700字。','北京卷二选一。''文明的韧性''以物理属性喻文明特质，考查宏观思维能力。''2019的色彩''将时代记忆与个人感受融合，考查叙事与抒情能力。两个题目都与2019年的特殊历史节点相关。','2026-04-13');
INSERT OR IGNORE INTO exam_questions(id,year,region,region_type,content,requirement,analysis,created_at) VALUES('eq036','2019','上海卷','independent','倾听了不同国家的音乐，接触了不同风格的异域音调，我由此对音乐的"中国味"有了更深刻的感受，从而更有意识地去寻找"中国味"。

这段话可以启发人们如何去认识事物。请写一篇文章，谈谈你对上述材料的思考和感悟。','自拟题目；不少于800字。','上海卷以音乐体验为喻，探讨了''通过他者认识自我''的认知方法。命题简洁而富有哲学深度，体现了上海卷一贯的思辨风格。','2026-04-13');
INSERT OR IGNORE INTO exam_questions(id,year,region,region_type,content,requirement,analysis,created_at) VALUES('eq037','2018','全国I卷','national','2000年，人类迈进新千年，中国千万"世纪宝宝"出生。2008年，汶川大地震，北京奥运会。2013年，"天宫一号"首次太空授课。2018年，世纪宝宝一代长大成人。2035年，基本实现社会主义现代化。

一代人有一代人的际遇和机缘、使命和挑战。请据此写一篇文章，想象它装进"时光瓶"留待2035年开启，给那时18岁的一代人阅读。','选好角度，确定立意，明确文体，自拟标题；不要套作，不得抄袭；不得泄露个人信息；不少于800字。','本题以''时光瓶''的形式要求考生写给2035年的青年，将个人成长与国家发展交织在一起。命题设计新颖，考查想象力、时代感和跨时空表达能力。','2026-04-13');
INSERT OR IGNORE INTO exam_questions(id,year,region,region_type,content,requirement,analysis,created_at) VALUES('eq038','2018','全国II卷','national','二战期间，为了加强对战机的防护，英美军方调查了作战后幸存飞机上的弹痕分布，决定哪里弹痕多就加强哪里。然而统计学家沃德力排众议，指出更应该注意弹痕少的部位，因为这些部位受到重创的战机很难返航。事实证明，沃德是正确的。','综合材料内容及含意，选好角度，确定立意，明确文体，自拟标题；不要套作，不得抄袭；不少于800字。','本题以统计学中著名的''幸存者偏差''案例为材料，考查学生的逆向思维和独立分析能力。材料简单明了但寓意深远，是一个经典的思维训练命题。','2026-04-13');
INSERT OR IGNORE INTO exam_questions(id,year,region,region_type,content,requirement,analysis,created_at) VALUES('eq039','2018','全国III卷','national','时间就是金钱，效率就是生命——深圳，1981

绿水青山也是金山银山——浙江，2005

走好我们这一代人的长征路——雄安，2017

围绕以上三条标语写作。','围绕材料内容及含意，选好角度，确定立意，明确文体，自拟标题；不要套作，不得抄袭。不少于800字。','本题以三条不同时代的标语为材料，串联了中国改革开放40年的发展脉络。从效率到生态再到新征程，体现了不同发展阶段的价值追求。命题设计巧妙，历史纵深感强。','2026-04-13');
INSERT OR IGNORE INTO exam_questions(id,year,region,region_type,content,requirement,analysis,created_at) VALUES('eq040','2018','北京卷','independent','议论文：今天，众多2000年出生的同学走进高考考场。18年过去了，祖国在不断发展，大家也成长为青年。

请以"新时代新青年——谈在祖国发展中成长"为题，写一篇议论文。

记叙文：生态文明建设关乎中华民族的永续发展。

请以"绿水青山图"为题，写一篇记叙文。','议论文：观点明确，论据恰当充实，论证合理。记叙文：立意积极向上，叙事符合逻辑；有细节，有描写。不少于700字。','北京卷二选一。''新时代新青年''紧扣时代主题，考查家国情怀与青年担当。''绿水青山图''以生态文明为题，考查想象力和叙事能力。两个题目都体现了鲜明的时代特色。','2026-04-13');
INSERT OR IGNORE INTO exam_questions(id,year,region,region_type,content,requirement,analysis,created_at) VALUES('eq041','2017','全国I卷','national','据近期一项对来华留学生的调查，他们较为关注的"中国关键词"有：一带一路、大熊猫、广场舞、中华美食、长城、共享单车、京剧、空气污染、美丽乡村、食品安全、高铁、移动支付。

请从中选择两三个关键词来呈现你所认识的中国，写一篇文章帮助外国青年读懂中国。','选好关键词，使之形成有机的关联；选好角度，明确文体，自拟标题；不要套作，不得抄袭；不少于800字。','本题以12个''中国关键词''为材料，要求选择两三个组合写作，帮助外国青年读懂中国。命题设计开放而有序，考查学生的选择能力、组合逻辑和对外表达能力。','2026-04-13');
INSERT OR IGNORE INTO exam_questions(id,year,region,region_type,content,requirement,analysis,created_at) VALUES('eq042','2017','全国II卷','national','1、天行健，君子以自强不息（《周易》）；2、露从今夜白，月是故乡明（杜甫）；3、何须浅碧深红色，自是花中第一流（李清照）；4、受光于庭户见一堂，受光于天下照四方（魏源）；5、必须敢于正视，这才可望敢想，敢说，敢作，敢当（鲁迅）；6、数风流人物，还看今朝（毛泽东）。

读了上面六句，你有怎样的感触与思考？请以其中两三句为基础确定立意，并合理引用，写一篇文章。','自选角度，明确文体，自拟标题；不要套作，不得抄袭；不少于800字。','本题以六句经典名句为材料，要求选择两三句组合立意。六句涵盖了自强、思乡、独立、格局、勇气、自信等主题，组合空间丰富。命题考查文化素养和逻辑组织能力。','2026-04-13');
INSERT OR IGNORE INTO exam_questions(id,year,region,region_type,content,requirement,analysis,created_at) VALUES('eq043','2017','全国III卷','national','今年是我国恢复高考40周年。40年来，高考为国选材，推动了教育改革与社会进步，取得了举世瞩目的成就。

请以"我看高考"或"我的高考"为副标题，写一篇文章。','选好角度，确定立意；明确文体，自拟标题；不要套作，不得抄袭；不少于800字。','本题以恢复高考40周年为背景，给予考生很大的写作自由。''我看高考''偏议论，''我的高考''偏叙事抒情。命题将宏大主题与个人体验结合，具有很强的时代感和代入感。','2026-04-13');
INSERT OR IGNORE INTO exam_questions(id,year,region,region_type,content,requirement,analysis,created_at) VALUES('eq044','2017','北京卷','independent','议论文：纽带是能够起联系作用的人或事物。当今时代，经济全球化的发展、文化的交流、历史的传承、社会的安宁等都需要纽带。

请以"说纽带"为题，写一篇议论文。

记叙文：2049年，共和国将迎来百年华诞。假如请你拍摄照片来展示中华民族伟大复兴的辉煌成就，你将选择怎样的画面？

请以"共和国，我为你拍照"为题，写一篇记叙文。','议论文：观点明确，论据充分，论证合理。记叙文：想象合理，有叙述，有描写。不少于700字。','北京卷二选一。''说纽带''考查抽象概念的具象论证能力，''共和国，我为你拍照''考查想象力和叙事能力。两个题目都体现了对宏大主题的关照。','2026-04-13');
INSERT OR IGNORE INTO exam_questions(id,year,region,region_type,content,requirement,analysis,created_at) VALUES('eq045','2016','全国I卷','national','阅读漫画材料，根据要求写一篇不少于800字的文章。漫画内容为：一个孩子考了100分受到表扬，考了98分受到惩罚；另一个孩子考了55分受到惩罚，考了61分受到表扬。

要求结合材料的内容和寓意，选好角度，确定立意，明确文体，自拟标题。','结合材料的内容和寓意，选好角度，确定立意，明确文体，自拟标题；不要套作，不得抄袭。','本题以漫画为材料，通过分数与奖惩的反差关系，揭示教育评价中的片面性问题。命题直观形象，寓意明确，考查学生的观察分析能力和教育批判意识。','2026-04-13');
INSERT OR IGNORE INTO exam_questions(id,year,region,region_type,content,requirement,analysis,created_at) VALUES('eq046','2016','全国II卷','national','语文学习关系到一个人的终身发展，社会整体的语文素养关系到国家的软实力和文化自信。对于中学生来说，语文素养的提升主要有三条途径：课堂有效教学、课外大量阅读、社会生活实践。

请根据材料，从自己语文学习的体会出发，比较上述三条途径，阐述你的看法和理由。','选好角度，确定立意，明确文体，自拟标题；不要套作，不得抄袭；不得泄露个人信息。','本题直接以''语文学习''为主题，要求考生结合自身经历比较三条途径。命题贴近学生实际体验，考查元认知能力和比较论证能力。','2026-04-13');
INSERT OR IGNORE INTO exam_questions(id,year,region,region_type,content,requirement,analysis,created_at) VALUES('eq047','2016','全国III卷','national','历经几年试验，小羽在传统工艺的基础上推陈出新，研发出一种新式花茶并获得专利。可是批量生产不久，大量假冒伪劣产品充斥市场。小羽将工艺流程公之于众，还牵头拟定了地方标准。这些努力逐渐见效，小羽最终成为致富带头人。','综合材料内容及含意，选好角度，确定立意，明确文体，自拟标题；不要套作，不得抄袭。','本题以创业故事为材料，展示了一个创业者面对仿冒时的智慧选择。小羽的''公开+标准化''策略体现了从零和博弈到合作共赢的思维转变。命题考查商业智慧和社会责任感。','2026-04-13');
INSERT OR IGNORE INTO exam_questions(id,year,region,region_type,content,requirement,analysis,created_at) VALUES('eq048','2016','北京卷','independent','议论文：《白鹿原上奏响一支老腔》记述老腔的演出每每"撼人胸腑"，令人有一种"酣畅淋漓"的感觉。请以"''老腔''何以令人震撼"为题，写一篇议论文。

记叙文：设想你有这样一枚神奇的书签，它能与你交流，还能助你实现读书的愿望……请以"神奇的书签"为题，写一篇记叙文。','议论文：从老腔的魅力说开去，观点明确，论据充分，论证合理。记叙文：表现爱读书、读好书的主题；有细节，有描写。不少于700字。','北京卷二选一。''老腔''以具体艺术形式切入，考查对传统文化的理解和论证能力。''神奇的书签''以想象力驱动叙事，考查创意写作能力。','2026-04-13');
INSERT OR IGNORE INTO exam_questions(id,year,region,region_type,content,requirement,analysis,created_at) VALUES('eq049','2016','上海卷','independent','随着现代社会的发展，人们的生活更容易进入大众视野，评价他人的生活变得越来越常见。人们对"评价他人的生活"这种现象的看法不尽相同。

请写一篇文章，谈谈你对这种现象的思考。','自拟题目；不少于800字。','上海卷以''评价他人生活''为题，聚焦社交媒体时代的隐私与公共讨论。命题具有强烈的现实关怀，考查学生的社会观察力和思辨能力。','2026-04-13');
INSERT OR IGNORE INTO exam_questions(id,year,region,region_type,content,requirement,analysis,created_at) VALUES('eq050','2016','浙江卷','independent','网上购物，视频聊天，线上娱乐，已成为当下很多人生活中不可或缺的一部分。不远的将来，我们只需安装VR设备，便可以足不出户地穿梭于各个虚拟场景。

当虚拟世界中的"虚拟"越来越成为现实世界中的"现实"时，是选择拥抱这个新世界，还是刻意远离，或者与它保持适当距离？','角度自选，立意自定；标题自拟；不少于800字；不得抄袭、套作。','本题以VR技术为切入点，探讨虚拟与现实的边界问题。命题具有前瞻性，在2016年VR刚刚兴起时就引导学生思考科技与生活的关系。','2026-04-13');
INSERT OR IGNORE INTO exam_keywords(exam_id,keyword) VALUES('eq001','家国情怀');
INSERT OR IGNORE INTO exam_keywords(exam_id,keyword) VALUES('eq001','诗文经典');
INSERT OR IGNORE INTO exam_keywords(exam_id,keyword) VALUES('eq001','民族精神');
INSERT OR IGNORE INTO exam_keywords(exam_id,keyword) VALUES('eq001','歌唱与表达');
INSERT OR IGNORE INTO exam_keywords(exam_id,keyword) VALUES('eq002','梦');
INSERT OR IGNORE INTO exam_keywords(exam_id,keyword) VALUES('eq002','理想');
INSERT OR IGNORE INTO exam_keywords(exam_id,keyword) VALUES('eq002','分享');
INSERT OR IGNORE INTO exam_keywords(exam_id,keyword) VALUES('eq002','古诗意境');
INSERT OR IGNORE INTO exam_keywords(exam_id,keyword) VALUES('eq003','突破极限');
INSERT OR IGNORE INTO exam_keywords(exam_id,keyword) VALUES('eq003','第二次呼吸');
INSERT OR IGNORE INTO exam_keywords(exam_id,keyword) VALUES('eq003','数字生活');
INSERT OR IGNORE INTO exam_keywords(exam_id,keyword) VALUES('eq003','细节叙事');
INSERT OR IGNORE INTO exam_keywords(exam_id,keyword) VALUES('eq004','凝聚');
INSERT OR IGNORE INTO exam_keywords(exam_id,keyword) VALUES('eq004','向心力');
INSERT OR IGNORE INTO exam_keywords(exam_id,keyword) VALUES('eq004','团结协作');
INSERT OR IGNORE INTO exam_keywords(exam_id,keyword) VALUES('eq004','中心与边缘');
INSERT OR IGNORE INTO exam_keywords(exam_id,keyword) VALUES('eq005','传播');
INSERT OR IGNORE INTO exam_keywords(exam_id,keyword) VALUES('eq005','专业与通俗');
INSERT OR IGNORE INTO exam_keywords(exam_id,keyword) VALUES('eq005','经典与流行');
INSERT OR IGNORE INTO exam_keywords(exam_id,keyword) VALUES('eq005','信息时代');
INSERT OR IGNORE INTO exam_keywords(exam_id,keyword) VALUES('eq006','人际交往');
INSERT OR IGNORE INTO exam_keywords(exam_id,keyword) VALUES('eq006','坦诚');
INSERT OR IGNORE INTO exam_keywords(exam_id,keyword) VALUES('eq006','沟通');
INSERT OR IGNORE INTO exam_keywords(exam_id,keyword) VALUES('eq006','理解');
INSERT OR IGNORE INTO exam_keywords(exam_id,keyword) VALUES('eq007','人工智能');
INSERT OR IGNORE INTO exam_keywords(exam_id,keyword) VALUES('eq007','问题意识');
INSERT OR IGNORE INTO exam_keywords(exam_id,keyword) VALUES('eq007','科技与思考');
INSERT OR IGNORE INTO exam_keywords(exam_id,keyword) VALUES('eq007','好奇心');
INSERT OR IGNORE INTO exam_keywords(exam_id,keyword) VALUES('eq008','探索');
INSERT OR IGNORE INTO exam_keywords(exam_id,keyword) VALUES('eq008','未知');
INSERT OR IGNORE INTO exam_keywords(exam_id,keyword) VALUES('eq008','航天精神');
INSERT OR IGNORE INTO exam_keywords(exam_id,keyword) VALUES('eq008','个人成长');
INSERT OR IGNORE INTO exam_keywords(exam_id,keyword) VALUES('eq009','历久弥新');
INSERT OR IGNORE INTO exam_keywords(exam_id,keyword) VALUES('eq009','传统与现代');
INSERT OR IGNORE INTO exam_keywords(exam_id,keyword) VALUES('eq009','打开');
INSERT OR IGNORE INTO exam_keywords(exam_id,keyword) VALUES('eq009','突破');
INSERT OR IGNORE INTO exam_keywords(exam_id,keyword) VALUES('eq010','自我认知');
INSERT OR IGNORE INTO exam_keywords(exam_id,keyword) VALUES('eq010','被定义');
INSERT OR IGNORE INTO exam_keywords(exam_id,keyword) VALUES('eq010','自定义');
INSERT OR IGNORE INTO exam_keywords(exam_id,keyword) VALUES('eq010','身份认同');
INSERT OR IGNORE INTO exam_keywords(exam_id,keyword) VALUES('eq011','认可度');
INSERT OR IGNORE INTO exam_keywords(exam_id,keyword) VALUES('eq011','价值判断');
INSERT OR IGNORE INTO exam_keywords(exam_id,keyword) VALUES('eq011','社会评价');
INSERT OR IGNORE INTO exam_keywords(exam_id,keyword) VALUES('eq011','独立思考');
INSERT OR IGNORE INTO exam_keywords(exam_id,keyword) VALUES('eq012','时间管理');
INSERT OR IGNORE INTO exam_keywords(exam_id,keyword) VALUES('eq012','技术');
INSERT OR IGNORE INTO exam_keywords(exam_id,keyword) VALUES('eq012','自由与束缚');
INSERT OR IGNORE INTO exam_keywords(exam_id,keyword) VALUES('eq012','效率');
INSERT OR IGNORE INTO exam_keywords(exam_id,keyword) VALUES('eq013','共赢');
INSERT OR IGNORE INTO exam_keywords(exam_id,keyword) VALUES('eq013','包容');
INSERT OR IGNORE INTO exam_keywords(exam_id,keyword) VALUES('eq013','合作');
INSERT OR IGNORE INTO exam_keywords(exam_id,keyword) VALUES('eq013','多样性');
INSERT OR IGNORE INTO exam_keywords(exam_id,keyword) VALUES('eq014','故事的力量');
INSERT OR IGNORE INTO exam_keywords(exam_id,keyword) VALUES('eq014','叙事');
INSERT OR IGNORE INTO exam_keywords(exam_id,keyword) VALUES('eq014','沟通');
INSERT OR IGNORE INTO exam_keywords(exam_id,keyword) VALUES('eq014','文化传承');
INSERT OR IGNORE INTO exam_keywords(exam_id,keyword) VALUES('eq015','独处');
INSERT OR IGNORE INTO exam_keywords(exam_id,keyword) VALUES('eq015','个人空间');
INSERT OR IGNORE INTO exam_keywords(exam_id,keyword) VALUES('eq015','成长');
INSERT OR IGNORE INTO exam_keywords(exam_id,keyword) VALUES('eq015','自我调节');
INSERT OR IGNORE INTO exam_keywords(exam_id,keyword) VALUES('eq016','续航');
INSERT OR IGNORE INTO exam_keywords(exam_id,keyword) VALUES('eq016','持续发展');
INSERT OR IGNORE INTO exam_keywords(exam_id,keyword) VALUES('eq016','亮相');
INSERT OR IGNORE INTO exam_keywords(exam_id,keyword) VALUES('eq016','人生时刻');
INSERT OR IGNORE INTO exam_keywords(exam_id,keyword) VALUES('eq017','交友');
INSERT OR IGNORE INTO exam_keywords(exam_id,keyword) VALUES('eq017','读书');
INSERT OR IGNORE INTO exam_keywords(exam_id,keyword) VALUES('eq017','周恩来');
INSERT OR IGNORE INTO exam_keywords(exam_id,keyword) VALUES('eq017','青年担当');
INSERT OR IGNORE INTO exam_keywords(exam_id,keyword) VALUES('eq018','好奇心');
INSERT OR IGNORE INTO exam_keywords(exam_id,keyword) VALUES('eq018','探索');
INSERT OR IGNORE INTO exam_keywords(exam_id,keyword) VALUES('eq018','动机');
INSERT OR IGNORE INTO exam_keywords(exam_id,keyword) VALUES('eq018','求知欲');
INSERT OR IGNORE INTO exam_keywords(exam_id,keyword) VALUES('eq019','红楼梦');
INSERT OR IGNORE INTO exam_keywords(exam_id,keyword) VALUES('eq019','移用');
INSERT OR IGNORE INTO exam_keywords(exam_id,keyword) VALUES('eq019','化用');
INSERT OR IGNORE INTO exam_keywords(exam_id,keyword) VALUES('eq019','独创');
INSERT OR IGNORE INTO exam_keywords(exam_id,keyword) VALUES('eq019','创新');
INSERT OR IGNORE INTO exam_keywords(exam_id,keyword) VALUES('eq020','双奥之城');
INSERT OR IGNORE INTO exam_keywords(exam_id,keyword) VALUES('eq020','跨越');
INSERT OR IGNORE INTO exam_keywords(exam_id,keyword) VALUES('eq020','国家发展');
INSERT OR IGNORE INTO exam_keywords(exam_id,keyword) VALUES('eq020','个人成长');
INSERT OR IGNORE INTO exam_keywords(exam_id,keyword) VALUES('eq021','围棋');
INSERT OR IGNORE INTO exam_keywords(exam_id,keyword) VALUES('eq021','基础');
INSERT OR IGNORE INTO exam_keywords(exam_id,keyword) VALUES('eq021','创新');
INSERT OR IGNORE INTO exam_keywords(exam_id,keyword) VALUES('eq021','本手与妙手');
INSERT OR IGNORE INTO exam_keywords(exam_id,keyword) VALUES('eq022','选择');
INSERT OR IGNORE INTO exam_keywords(exam_id,keyword) VALUES('eq022','创造');
INSERT OR IGNORE INTO exam_keywords(exam_id,keyword) VALUES('eq022','未来');
INSERT OR IGNORE INTO exam_keywords(exam_id,keyword) VALUES('eq022','青年奋斗');
INSERT OR IGNORE INTO exam_keywords(exam_id,keyword) VALUES('eq023','学习');
INSERT OR IGNORE INTO exam_keywords(exam_id,keyword) VALUES('eq023','古今对比');
INSERT OR IGNORE INTO exam_keywords(exam_id,keyword) VALUES('eq023','在线');
INSERT OR IGNORE INTO exam_keywords(exam_id,keyword) VALUES('eq023','疫情生活');
INSERT OR IGNORE INTO exam_keywords(exam_id,keyword) VALUES('eq024','烟火气');
INSERT OR IGNORE INTO exam_keywords(exam_id,keyword) VALUES('eq024','生活');
INSERT OR IGNORE INTO exam_keywords(exam_id,keyword) VALUES('eq024','温情');
INSERT OR IGNORE INTO exam_keywords(exam_id,keyword) VALUES('eq024','珍惜');
INSERT OR IGNORE INTO exam_keywords(exam_id,keyword) VALUES('eq025','浙江精神');
INSERT OR IGNORE INTO exam_keywords(exam_id,keyword) VALUES('eq025','创新');
INSERT OR IGNORE INTO exam_keywords(exam_id,keyword) VALUES('eq025','青年发展');
INSERT OR IGNORE INTO exam_keywords(exam_id,keyword) VALUES('eq025','人才');
INSERT OR IGNORE INTO exam_keywords(exam_id,keyword) VALUES('eq026','可为与有为');
INSERT OR IGNORE INTO exam_keywords(exam_id,keyword) VALUES('eq026','时代机遇');
INSERT OR IGNORE INTO exam_keywords(exam_id,keyword) VALUES('eq026','青年担当');
INSERT OR IGNORE INTO exam_keywords(exam_id,keyword) VALUES('eq026','建党百年');
INSERT OR IGNORE INTO exam_keywords(exam_id,keyword) VALUES('eq027','理想');
INSERT OR IGNORE INTO exam_keywords(exam_id,keyword) VALUES('eq027','修身');
INSERT OR IGNORE INTO exam_keywords(exam_id,keyword) VALUES('eq027','扬雄');
INSERT OR IGNORE INTO exam_keywords(exam_id,keyword) VALUES('eq027','实践');
INSERT OR IGNORE INTO exam_keywords(exam_id,keyword) VALUES('eq028','强弱之变');
INSERT OR IGNORE INTO exam_keywords(exam_id,keyword) VALUES('eq028','体育');
INSERT OR IGNORE INTO exam_keywords(exam_id,keyword) VALUES('eq028','毛泽东');
INSERT OR IGNORE INTO exam_keywords(exam_id,keyword) VALUES('eq028','自强');
INSERT OR IGNORE INTO exam_keywords(exam_id,keyword) VALUES('eq029','生逢其时');
INSERT OR IGNORE INTO exam_keywords(exam_id,keyword) VALUES('eq029','时代');
INSERT OR IGNORE INTO exam_keywords(exam_id,keyword) VALUES('eq029','成熟');
INSERT OR IGNORE INTO exam_keywords(exam_id,keyword) VALUES('eq029','成长');
INSERT OR IGNORE INTO exam_keywords(exam_id,keyword) VALUES('eq030','齐桓公');
INSERT OR IGNORE INTO exam_keywords(exam_id,keyword) VALUES('eq030','管仲');
INSERT OR IGNORE INTO exam_keywords(exam_id,keyword) VALUES('eq030','鲍叔');
INSERT OR IGNORE INTO exam_keywords(exam_id,keyword) VALUES('eq030','知人善任');
INSERT OR IGNORE INTO exam_keywords(exam_id,keyword) VALUES('eq030','格局');
INSERT OR IGNORE INTO exam_keywords(exam_id,keyword) VALUES('eq031','人类命运共同体');
INSERT OR IGNORE INTO exam_keywords(exam_id,keyword) VALUES('eq031','疫情');
INSERT OR IGNORE INTO exam_keywords(exam_id,keyword) VALUES('eq031','国际合作');
INSERT OR IGNORE INTO exam_keywords(exam_id,keyword) VALUES('eq031','青年使命');
INSERT OR IGNORE INTO exam_keywords(exam_id,keyword) VALUES('eq032','疫情');
INSERT OR IGNORE INTO exam_keywords(exam_id,keyword) VALUES('eq032','距离');
INSERT OR IGNORE INTO exam_keywords(exam_id,keyword) VALUES('eq032','联系');
INSERT OR IGNORE INTO exam_keywords(exam_id,keyword) VALUES('eq032','守望相助');
INSERT OR IGNORE INTO exam_keywords(exam_id,keyword) VALUES('eq033','劳动');
INSERT OR IGNORE INTO exam_keywords(exam_id,keyword) VALUES('eq033','演讲稿');
INSERT OR IGNORE INTO exam_keywords(exam_id,keyword) VALUES('eq033','实践');
INSERT OR IGNORE INTO exam_keywords(exam_id,keyword) VALUES('eq033','传统美德');
INSERT OR IGNORE INTO exam_keywords(exam_id,keyword) VALUES('eq034','五四');
INSERT OR IGNORE INTO exam_keywords(exam_id,keyword) VALUES('eq034','建国');
INSERT OR IGNORE INTO exam_keywords(exam_id,keyword) VALUES('eq034','改革开放');
INSERT OR IGNORE INTO exam_keywords(exam_id,keyword) VALUES('eq034','青年使命');
INSERT OR IGNORE INTO exam_keywords(exam_id,keyword) VALUES('eq034','书信演讲');
INSERT OR IGNORE INTO exam_keywords(exam_id,keyword) VALUES('eq035','韧性');
INSERT OR IGNORE INTO exam_keywords(exam_id,keyword) VALUES('eq035','文明');
INSERT OR IGNORE INTO exam_keywords(exam_id,keyword) VALUES('eq035','色彩');
INSERT OR IGNORE INTO exam_keywords(exam_id,keyword) VALUES('eq035','时代记忆');
INSERT OR IGNORE INTO exam_keywords(exam_id,keyword) VALUES('eq036','中国味');
INSERT OR IGNORE INTO exam_keywords(exam_id,keyword) VALUES('eq036','比较');
INSERT OR IGNORE INTO exam_keywords(exam_id,keyword) VALUES('eq036','认知方法');
INSERT OR IGNORE INTO exam_keywords(exam_id,keyword) VALUES('eq036','文化自觉');
INSERT OR IGNORE INTO exam_keywords(exam_id,keyword) VALUES('eq037','世纪宝宝');
INSERT OR IGNORE INTO exam_keywords(exam_id,keyword) VALUES('eq037','时光瓶');
INSERT OR IGNORE INTO exam_keywords(exam_id,keyword) VALUES('eq037','时代变迁');
INSERT OR IGNORE INTO exam_keywords(exam_id,keyword) VALUES('eq037','青年使命');
INSERT OR IGNORE INTO exam_keywords(exam_id,keyword) VALUES('eq038','幸存者偏差');
INSERT OR IGNORE INTO exam_keywords(exam_id,keyword) VALUES('eq038','逆向思维');
INSERT OR IGNORE INTO exam_keywords(exam_id,keyword) VALUES('eq038','数据与真相');
INSERT OR IGNORE INTO exam_keywords(exam_id,keyword) VALUES('eq038','独立判断');
INSERT OR IGNORE INTO exam_keywords(exam_id,keyword) VALUES('eq039','改革开放');
INSERT OR IGNORE INTO exam_keywords(exam_id,keyword) VALUES('eq039','标语');
INSERT OR IGNORE INTO exam_keywords(exam_id,keyword) VALUES('eq039','时代精神');
INSERT OR IGNORE INTO exam_keywords(exam_id,keyword) VALUES('eq039','发展理念');
INSERT OR IGNORE INTO exam_keywords(exam_id,keyword) VALUES('eq040','新时代');
INSERT OR IGNORE INTO exam_keywords(exam_id,keyword) VALUES('eq040','新青年');
INSERT OR IGNORE INTO exam_keywords(exam_id,keyword) VALUES('eq040','生态文明');
INSERT OR IGNORE INTO exam_keywords(exam_id,keyword) VALUES('eq040','绿水青山');
INSERT OR IGNORE INTO exam_keywords(exam_id,keyword) VALUES('eq041','中国关键词');
INSERT OR IGNORE INTO exam_keywords(exam_id,keyword) VALUES('eq041','外国青年');
INSERT OR IGNORE INTO exam_keywords(exam_id,keyword) VALUES('eq041','一带一路');
INSERT OR IGNORE INTO exam_keywords(exam_id,keyword) VALUES('eq041','高铁');
INSERT OR IGNORE INTO exam_keywords(exam_id,keyword) VALUES('eq041','移动支付');
INSERT OR IGNORE INTO exam_keywords(exam_id,keyword) VALUES('eq042','名句');
INSERT OR IGNORE INTO exam_keywords(exam_id,keyword) VALUES('eq042','自强');
INSERT OR IGNORE INTO exam_keywords(exam_id,keyword) VALUES('eq042','故乡');
INSERT OR IGNORE INTO exam_keywords(exam_id,keyword) VALUES('eq042','正视');
INSERT OR IGNORE INTO exam_keywords(exam_id,keyword) VALUES('eq042','风流人物');
INSERT OR IGNORE INTO exam_keywords(exam_id,keyword) VALUES('eq043','高考40年');
INSERT OR IGNORE INTO exam_keywords(exam_id,keyword) VALUES('eq043','教育');
INSERT OR IGNORE INTO exam_keywords(exam_id,keyword) VALUES('eq043','社会进步');
INSERT OR IGNORE INTO exam_keywords(exam_id,keyword) VALUES('eq043','个人命运');
INSERT OR IGNORE INTO exam_keywords(exam_id,keyword) VALUES('eq044','纽带');
INSERT OR IGNORE INTO exam_keywords(exam_id,keyword) VALUES('eq044','联系');
INSERT OR IGNORE INTO exam_keywords(exam_id,keyword) VALUES('eq044','共和国');
INSERT OR IGNORE INTO exam_keywords(exam_id,keyword) VALUES('eq044','百年华诞');
INSERT OR IGNORE INTO exam_keywords(exam_id,keyword) VALUES('eq045','分数');
INSERT OR IGNORE INTO exam_keywords(exam_id,keyword) VALUES('eq045','教育评价');
INSERT OR IGNORE INTO exam_keywords(exam_id,keyword) VALUES('eq045','奖惩');
INSERT OR IGNORE INTO exam_keywords(exam_id,keyword) VALUES('eq045','标准');
INSERT OR IGNORE INTO exam_keywords(exam_id,keyword) VALUES('eq046','语文学习');
INSERT OR IGNORE INTO exam_keywords(exam_id,keyword) VALUES('eq046','课堂');
INSERT OR IGNORE INTO exam_keywords(exam_id,keyword) VALUES('eq046','阅读');
INSERT OR IGNORE INTO exam_keywords(exam_id,keyword) VALUES('eq046','实践');
INSERT OR IGNORE INTO exam_keywords(exam_id,keyword) VALUES('eq047','创新');
INSERT OR IGNORE INTO exam_keywords(exam_id,keyword) VALUES('eq047','专利');
INSERT OR IGNORE INTO exam_keywords(exam_id,keyword) VALUES('eq047','标准');
INSERT OR IGNORE INTO exam_keywords(exam_id,keyword) VALUES('eq047','共赢');
INSERT OR IGNORE INTO exam_keywords(exam_id,keyword) VALUES('eq048','老腔');
INSERT OR IGNORE INTO exam_keywords(exam_id,keyword) VALUES('eq048','传统艺术');
INSERT OR IGNORE INTO exam_keywords(exam_id,keyword) VALUES('eq048','书签');
INSERT OR IGNORE INTO exam_keywords(exam_id,keyword) VALUES('eq048','阅读');
INSERT OR IGNORE INTO exam_keywords(exam_id,keyword) VALUES('eq049','评价他人');
INSERT OR IGNORE INTO exam_keywords(exam_id,keyword) VALUES('eq049','隐私');
INSERT OR IGNORE INTO exam_keywords(exam_id,keyword) VALUES('eq049','社交媒体');
INSERT OR IGNORE INTO exam_keywords(exam_id,keyword) VALUES('eq049','公共空间');
INSERT OR IGNORE INTO exam_keywords(exam_id,keyword) VALUES('eq050','虚拟现实');
INSERT OR IGNORE INTO exam_keywords(exam_id,keyword) VALUES('eq050','VR');
INSERT OR IGNORE INTO exam_keywords(exam_id,keyword) VALUES('eq050','科技与生活');
INSERT OR IGNORE INTO exam_keywords(exam_id,keyword) VALUES('eq050','选择');
INSERT OR IGNORE INTO exam_angles(exam_id,angle) VALUES('eq001','以诗文中的家国情怀为核心，探讨民族精神与个人表达的关系');
INSERT OR IGNORE INTO exam_angles(exam_id,angle) VALUES('eq001','从''开不了口''到''嘶哑的喉咙歌唱''，探讨情感表达的困境与突破');
INSERT OR IGNORE INTO exam_angles(exam_id,angle) VALUES('eq001','结合三段材料的时代背景，论述民族觉醒与文化传承');
INSERT OR IGNORE INTO exam_angles(exam_id,angle) VALUES('eq002','从古典诗词中的''梦''出发，探讨理想与现实的辩证关系');
INSERT OR IGNORE INTO exam_angles(exam_id,angle) VALUES('eq002','以''将梦赠予他人''为切入点，论述分享理想、传递希望的价值');
INSERT OR IGNORE INTO exam_angles(exam_id,angle) VALUES('eq002','从个人梦想到民族梦想，论述梦想的力量与传承');
INSERT OR IGNORE INTO exam_angles(exam_id,angle) VALUES('eq003','议论文：以''第二次呼吸''隐喻人生困境中的突破与成长');
INSERT OR IGNORE INTO exam_angles(exam_id,angle) VALUES('eq003','议论文：从体育领域延伸到学习、事业、社会等领域的''极点''现象');
INSERT OR IGNORE INTO exam_angles(exam_id,angle) VALUES('eq003','记叙文：以某个''数字闪耀''的具体时刻为线索展开叙事');
INSERT OR IGNORE INTO exam_angles(exam_id,angle) VALUES('eq004','从辐条汇聚轮毂的意象，论述团结与向心力的力量');
INSERT OR IGNORE INTO exam_angles(exam_id,angle) VALUES('eq004','探讨个体与集体的关系——每根辐条缺一不可');
INSERT OR IGNORE INTO exam_angles(exam_id,angle) VALUES('eq004','从车轮''滚滚向前''延伸到社会发展的动力来源');
INSERT OR IGNORE INTO exam_angles(exam_id,angle) VALUES('eq005','论述''专''到''传''不一定经过''转''，真正的经典可以跨越传播层次');
INSERT OR IGNORE INTO exam_angles(exam_id,angle) VALUES('eq005','从信息传播的角度分析专业内容、流量内容和传世之作的关系');
INSERT OR IGNORE INTO exam_angles(exam_id,angle) VALUES('eq005','以具体文化现象为例，探讨信息时代的传播规律与价值判断');
INSERT OR IGNORE INTO exam_angles(exam_id,angle) VALUES('eq006','坦诚交流是建立真实人际关系的基础');
INSERT OR IGNORE INTO exam_angles(exam_id,angle) VALUES('eq006','从避免冲突到勇于表达：沟通中的智慧与勇气');
INSERT OR IGNORE INTO exam_angles(exam_id,angle) VALUES('eq006','真正的相遇需要以诚相待——论人际交往的深度');
INSERT OR IGNORE INTO exam_angles(exam_id,angle) VALUES('eq007','AI回答了旧问题，却催生了更深层次的新问题');
INSERT OR IGNORE INTO exam_angles(exam_id,angle) VALUES('eq007','问题的减少是表象，提问能力的退化才是隐忧');
INSERT OR IGNORE INTO exam_angles(exam_id,angle) VALUES('eq007','科技发展与人类问题意识的辩证关系');
INSERT OR IGNORE INTO exam_angles(exam_id,angle) VALUES('eq008','从航天探索到个人成长，论述勇于迈向未知的重要性');
INSERT OR IGNORE INTO exam_angles(exam_id,angle) VALUES('eq008','未知之境是挑战也是机遇——探索精神的当代价值');
INSERT OR IGNORE INTO exam_angles(exam_id,angle) VALUES('eq008','以航天成就为引，探讨人类文明进步的驱动力');
INSERT OR IGNORE INTO exam_angles(exam_id,angle) VALUES('eq009','议论文：以经典文化为例，论证''历久弥新''的时代意义');
INSERT OR IGNORE INTO exam_angles(exam_id,angle) VALUES('eq009','议论文：从时间淬炼的角度分析事物价值的增值规律');
INSERT OR IGNORE INTO exam_angles(exam_id,angle) VALUES('eq009','记叙文：以一次''打开''的经历为线索，讲述成长故事');
INSERT OR IGNORE INTO exam_angles(exam_id,angle) VALUES('eq010','''被定义''与''自定义''的辩证关系——在外部评价中坚守自我');
INSERT OR IGNORE INTO exam_angles(exam_id,angle) VALUES('eq010','从个人到国家，论述''自定义''的勇气与智慧');
INSERT OR IGNORE INTO exam_angles(exam_id,angle) VALUES('eq010','在多元社会中寻找真实的自我定位');
INSERT OR IGNORE INTO exam_angles(exam_id,angle) VALUES('eq011','认可度是否等同于真实价值？——论社会评价的局限性');
INSERT OR IGNORE INTO exam_angles(exam_id,angle) VALUES('eq011','从认可度的形成机制看群体心理与从众效应');
INSERT OR IGNORE INTO exam_angles(exam_id,angle) VALUES('eq011','在追求认可与坚持自我之间的平衡');
INSERT OR IGNORE INTO exam_angles(exam_id,angle) VALUES('eq012','技术让人掌控时间，也让人被时间裹挟——论科技的双面性');
INSERT OR IGNORE INTO exam_angles(exam_id,angle) VALUES('eq012','在快节奏时代寻找属于自己的时间节奏');
INSERT OR IGNORE INTO exam_angles(exam_id,angle) VALUES('eq012','从''时间的主人''到''时间的仆人''，反思现代人的时间焦虑');
INSERT OR IGNORE INTO exam_angles(exam_id,angle) VALUES('eq013','互利共赢才是真正的成功——论竞争与合作的关系');
INSERT OR IGNORE INTO exam_angles(exam_id,angle) VALUES('eq013','从''百花齐放''看多元共存的价值');
INSERT OR IGNORE INTO exam_angles(exam_id,angle) VALUES('eq013','损人未必利己，合作方能共赢');
INSERT OR IGNORE INTO exam_angles(exam_id,angle) VALUES('eq014','故事的力量——从个人成长到民族叙事');
INSERT OR IGNORE INTO exam_angles(exam_id,angle) VALUES('eq014','好故事如何改变世界：叙事的力量与价值');
INSERT OR IGNORE INTO exam_angles(exam_id,angle) VALUES('eq014','讲好中国故事：故事在文化交流中的桥梁作用');
INSERT OR IGNORE INTO exam_angles(exam_id,angle) VALUES('eq015','青少年需要独处空间——论自我调节与健康成长');
INSERT OR IGNORE INTO exam_angles(exam_id,angle) VALUES('eq015','在喧嚣中寻找宁静：个人空间的意义');
INSERT OR IGNORE INTO exam_angles(exam_id,angle) VALUES('eq015','放松、沉淀、成长——独处不是逃避而是蓄力');
INSERT OR IGNORE INTO exam_angles(exam_id,angle) VALUES('eq016','议论文：从词语新用看社会发展，论述''续航''的时代内涵');
INSERT OR IGNORE INTO exam_angles(exam_id,angle) VALUES('eq016','议论文：为青春续航——论持续学习与自我更新的重要性');
INSERT OR IGNORE INTO exam_angles(exam_id,angle) VALUES('eq016','记叙文：以一次难忘的''亮相''经历展开叙事');
INSERT OR IGNORE INTO exam_angles(exam_id,angle) VALUES('eq017','从周恩来对联看青年的交友观与读书观');
INSERT OR IGNORE INTO exam_angles(exam_id,angle) VALUES('eq017','''与有肝胆人共事''——论择友与品行修养');
INSERT OR IGNORE INTO exam_angles(exam_id,angle) VALUES('eq017','''从无字句处读书''——论实践出真知的学习方法');
INSERT OR IGNORE INTO exam_angles(exam_id,angle) VALUES('eq018','好奇心是探索的起点，但不是唯一动力');
INSERT OR IGNORE INTO exam_angles(exam_id,angle) VALUES('eq018','从好奇心到使命感：探索精神的深层驱动力');
INSERT OR IGNORE INTO exam_angles(exam_id,angle) VALUES('eq018','探索陌生世界的多重原因：好奇、责任、理想与热爱');
INSERT OR IGNORE INTO exam_angles(exam_id,angle) VALUES('eq019','从''翼然''到''沁芳''：论继承与创新的层次');
INSERT OR IGNORE INTO exam_angles(exam_id,angle) VALUES('eq019','直接移用、借鉴化用与情境独创——创新的三个境界');
INSERT OR IGNORE INTO exam_angles(exam_id,angle) VALUES('eq019','以红楼梦题名为例，探讨文化传承中的创造性转化');
INSERT OR IGNORE INTO exam_angles(exam_id,angle) VALUES('eq020','从双奥之城看国家发展的跨越式前进');
INSERT OR IGNORE INTO exam_angles(exam_id,angle) VALUES('eq020','个人成长与国家跨越的同步共鸣');
INSERT OR IGNORE INTO exam_angles(exam_id,angle) VALUES('eq020','跨越永不停歇——论追求卓越的精神');
INSERT OR IGNORE INTO exam_angles(exam_id,angle) VALUES('eq021','夯实基础才能创新——从''本手''到''妙手''的进阶之路');
INSERT OR IGNORE INTO exam_angles(exam_id,angle) VALUES('eq021','急功近利易成''俗手''——论基础与创新的关系');
INSERT OR IGNORE INTO exam_angles(exam_id,angle) VALUES('eq021','以围棋之道论人生之理：厚积方能薄发');
INSERT OR IGNORE INTO exam_angles(exam_id,angle) VALUES('eq022','以''选择·创造·未来''为线索，论述青年的人生抉择');
INSERT OR IGNORE INTO exam_angles(exam_id,angle) VALUES('eq022','从不同行业人物的共同特质看选择与创造的关系');
INSERT OR IGNORE INTO exam_angles(exam_id,angle) VALUES('eq022','青年的选择决定未来——论个人理想与时代使命');
INSERT OR IGNORE INTO exam_angles(exam_id,angle) VALUES('eq023','议论文：古今学习观之比较——论当代学习的内涵拓展');
INSERT OR IGNORE INTO exam_angles(exam_id,angle) VALUES('eq023','议论文：从''学不可以已''看终身学习的时代意义');
INSERT OR IGNORE INTO exam_angles(exam_id,angle) VALUES('eq023','记叙文：以疫情期间的''在线''经历为线索展开叙事');
INSERT OR IGNORE INTO exam_angles(exam_id,angle) VALUES('eq024','烟火气中的温情——论平凡生活的珍贵');
INSERT OR IGNORE INTO exam_angles(exam_id,angle) VALUES('eq024','从''国泰民丰''看烟火气背后的时代安宁');
INSERT OR IGNORE INTO exam_angles(exam_id,angle) VALUES('eq024','守护寻常烟火：个人奉献与社会和谐的关系');
INSERT OR IGNORE INTO exam_angles(exam_id,angle) VALUES('eq025','以浙江青年为例，论创新精神与个人发展');
INSERT OR IGNORE INTO exam_angles(exam_id,angle) VALUES('eq025','从地方实践看青年奋斗的时代价值');
INSERT OR IGNORE INTO exam_angles(exam_id,angle) VALUES('eq025','创新驱动发展——青年如何在新时期有所作为');
INSERT OR IGNORE INTO exam_angles(exam_id,angle) VALUES('eq026','在''可为''的时代做''有为''的青年');
INSERT OR IGNORE INTO exam_angles(exam_id,angle) VALUES('eq026','从革命文化到当代实践：可为的时代呼唤有为的青年');
INSERT OR IGNORE INTO exam_angles(exam_id,angle) VALUES('eq026','大有可为的时代与青年的人生选择');
INSERT OR IGNORE INTO exam_angles(exam_id,angle) VALUES('eq027','以扬雄射箭之喻论理想追求的路径：修身、正思、立义、行动');
INSERT OR IGNORE INTO exam_angles(exam_id,angle) VALUES('eq027','从古典智慧看当代青年的理想与修养');
INSERT OR IGNORE INTO exam_angles(exam_id,angle) VALUES('eq027','理想实现的四个要素：修养、思想、目标、行动');
INSERT OR IGNORE INTO exam_angles(exam_id,angle) VALUES('eq028','强与弱的辩证转化——论自强不息的精神');
INSERT OR IGNORE INTO exam_angles(exam_id,angle) VALUES('eq028','从体育之效到人生之理：勤锻炼，弱可变强');
INSERT OR IGNORE INTO exam_angles(exam_id,angle) VALUES('eq028','滥用其强必转弱，勤于自省方持久');
INSERT OR IGNORE INTO exam_angles(exam_id,angle) VALUES('eq029','议论文：论生逢其时——在新时代中把握机遇');
INSERT OR IGNORE INTO exam_angles(exam_id,angle) VALUES('eq029','议论文：不同的人对同一时代有不同感受——论主观能动性');
INSERT OR IGNORE INTO exam_angles(exam_id,angle) VALUES('eq029','记叙文：以成长经历阐释''真正的成熟''');
INSERT OR IGNORE INTO exam_angles(exam_id,angle) VALUES('eq030','鲍叔的知人之明——论识才与让贤的格局');
INSERT OR IGNORE INTO exam_angles(exam_id,angle) VALUES('eq030','齐桓公不计前嫌的胸襟——论领导者的大度与远见');
INSERT OR IGNORE INTO exam_angles(exam_id,angle) VALUES('eq030','管仲的经世之才——论才能与机遇的关系');
INSERT OR IGNORE INTO exam_angles(exam_id,angle) VALUES('eq031','以疫情中的国际互助为例，论述人类命运共同体理念');
INSERT OR IGNORE INTO exam_angles(exam_id,angle) VALUES('eq031','从古典智慧到当代实践：携手合作的力量');
INSERT OR IGNORE INTO exam_angles(exam_id,angle) VALUES('eq031','青年在构建人类命运共同体中的责任与担当');
INSERT OR IGNORE INTO exam_angles(exam_id,angle) VALUES('eq032','物理距离远了，心理距离近了——疫情中的守望相助');
INSERT OR IGNORE INTO exam_angles(exam_id,angle) VALUES('eq032','距离与联系的辩证：防疫中的社会温情');
INSERT OR IGNORE INTO exam_angles(exam_id,angle) VALUES('eq032','在隔离中感受社会的温度');
INSERT OR IGNORE INTO exam_angles(exam_id,angle) VALUES('eq033','劳动教育的当代意义——论劳动精神的传承');
INSERT OR IGNORE INTO exam_angles(exam_id,angle) VALUES('eq033','从''不愿意劳动''的现象看青年价值观的塑造');
INSERT OR IGNORE INTO exam_angles(exam_id,angle) VALUES('eq033','热爱劳动，从我做起——倡议书式的论证');
INSERT OR IGNORE INTO exam_angles(exam_id,angle) VALUES('eq034','以五四精神为红线，串联百年青年奋斗史');
INSERT OR IGNORE INTO exam_angles(exam_id,angle) VALUES('eq034','站在特定历史节点，以青年视角表达时代担当');
INSERT OR IGNORE INTO exam_angles(exam_id,angle) VALUES('eq034','从1919到2049，一代代青年的使命传承');
INSERT OR IGNORE INTO exam_angles(exam_id,angle) VALUES('eq035','议论文：以中华文明为例，论证''韧性''是文明延续的内在力量');
INSERT OR IGNORE INTO exam_angles(exam_id,angle) VALUES('eq035','议论文：从历史变迁看中华文明的韧性基因');
INSERT OR IGNORE INTO exam_angles(exam_id,angle) VALUES('eq035','记叙文：以个人经历为线索，用一种色彩象征2019年的感受');
INSERT OR IGNORE INTO exam_angles(exam_id,angle) VALUES('eq036','通过比较认识自我——从音乐之喻看认知方法');
INSERT OR IGNORE INTO exam_angles(exam_id,angle) VALUES('eq036','从异域视角反观自身：文化自觉的觉醒之路');
INSERT OR IGNORE INTO exam_angles(exam_id,angle) VALUES('eq036','认识事物的规律：在比较中深化理解');
INSERT OR IGNORE INTO exam_angles(exam_id,angle) VALUES('eq037','以''世纪宝宝''视角写给未来的信：一代人的成长与国家的跨越');
INSERT OR IGNORE INTO exam_angles(exam_id,angle) VALUES('eq037','时光瓶中的时代记忆——从2000到2035的中国故事');
INSERT OR IGNORE INTO exam_angles(exam_id,angle) VALUES('eq037','代际对话：我这一代人的使命与期许');
INSERT OR IGNORE INTO exam_angles(exam_id,angle) VALUES('eq038','幸存者偏差——看到''不可见''的数据才是真正的洞察');
INSERT OR IGNORE INTO exam_angles(exam_id,angle) VALUES('eq038','逆向思维的力量：质疑常识的勇气与智慧');
INSERT OR IGNORE INTO exam_angles(exam_id,angle) VALUES('eq038','数据背后的真相——论全面思考的重要性');
INSERT OR IGNORE INTO exam_angles(exam_id,angle) VALUES('eq039','三条标语折射中国改革开放40年的发展理念变迁');
INSERT OR IGNORE INTO exam_angles(exam_id,angle) VALUES('eq039','从效率优先到绿色发展再到新时代使命——中国道路的演进');
INSERT OR IGNORE INTO exam_angles(exam_id,angle) VALUES('eq039','标语背后的时代脉搏：一代人有一代人的使命');
INSERT OR IGNORE INTO exam_angles(exam_id,angle) VALUES('eq040','议论文：在祖国发展中成长的新时代青年');
INSERT OR IGNORE INTO exam_angles(exam_id,angle) VALUES('eq040','议论文：个人命运与国家发展的同频共振');
INSERT OR IGNORE INTO exam_angles(exam_id,angle) VALUES('eq040','记叙文：以人与自然和谐共处的场景展开叙事');
INSERT OR IGNORE INTO exam_angles(exam_id,angle) VALUES('eq041','选择''高铁+移动支付''论述中国科技便利生活');
INSERT OR IGNORE INTO exam_angles(exam_id,angle) VALUES('eq041','选择''长城+京剧''呈现中国传统文化的魅力');
INSERT OR IGNORE INTO exam_angles(exam_id,angle) VALUES('eq041','选择''一带一路+美丽乡村''展示中国的发展理念');
INSERT OR IGNORE INTO exam_angles(exam_id,angle) VALUES('eq042','选1和5：自强不息与敢于正视的品格修养');
INSERT OR IGNORE INTO exam_angles(exam_id,angle) VALUES('eq042','选4和6：从魏源到毛泽东，论胸怀天下与开创未来');
INSERT OR IGNORE INTO exam_angles(exam_id,angle) VALUES('eq042','选2和3：从故乡之思到独立品格的文化意蕴');
INSERT OR IGNORE INTO exam_angles(exam_id,angle) VALUES('eq043','以''我看高考''为视角，论述高考制度的改革与进步');
INSERT OR IGNORE INTO exam_angles(exam_id,angle) VALUES('eq043','以''我的高考''为视角，表达个人对高考的理解与感悟');
INSERT OR IGNORE INTO exam_angles(exam_id,angle) VALUES('eq043','从恢复高考40年看教育公平与社会流动');
INSERT OR IGNORE INTO exam_angles(exam_id,angle) VALUES('eq044','议论文：论纽带在经济、文化、社会中的连接作用');
INSERT OR IGNORE INTO exam_angles(exam_id,angle) VALUES('eq044','议论文：纽带的力量——从人际关系到国家治理');
INSERT OR IGNORE INTO exam_angles(exam_id,angle) VALUES('eq044','记叙文：以摄影师视角展现共和国的辉煌成就');
INSERT OR IGNORE INTO exam_angles(exam_id,angle) VALUES('eq045','唯分数论的教育评价体系需要反思');
INSERT OR IGNORE INTO exam_angles(exam_id,angle) VALUES('eq045','进步与退步的相对性——评价标准应更全面');
INSERT OR IGNORE INTO exam_angles(exam_id,angle) VALUES('eq045','从漫画看教育中的''双标''现象');
INSERT OR IGNORE INTO exam_angles(exam_id,angle) VALUES('eq046','课外阅读是提升语文素养最重要的途径');
INSERT OR IGNORE INTO exam_angles(exam_id,angle) VALUES('eq046','三条途径相辅相成，缺一不可');
INSERT OR IGNORE INTO exam_angles(exam_id,angle) VALUES('eq046','社会生活实践——语文学习的源头活水');
INSERT OR IGNORE INTO exam_angles(exam_id,angle) VALUES('eq047','从小羽的故事看创新者的智慧与格局');
INSERT OR IGNORE INTO exam_angles(exam_id,angle) VALUES('eq047','公开工艺、制定标准——从竞争走向共赢的商业思维');
INSERT OR IGNORE INTO exam_angles(exam_id,angle) VALUES('eq047','创新、规范与引领——创业者的社会担当');
INSERT OR IGNORE INTO exam_angles(exam_id,angle) VALUES('eq048','议论文：从老腔的震撼力看传统文化的生命力');
INSERT OR IGNORE INTO exam_angles(exam_id,angle) VALUES('eq048','议论文：传统艺术的魅力在于其真实与质朴');
INSERT OR IGNORE INTO exam_angles(exam_id,angle) VALUES('eq048','记叙文：以神奇书签为线索，讲述阅读改变人生的故事');
INSERT OR IGNORE INTO exam_angles(exam_id,angle) VALUES('eq049','社交媒体时代，评价他人生活的边界在哪里？');
INSERT OR IGNORE INTO exam_angles(exam_id,angle) VALUES('eq049','评价的自由与被评价的权利——论网络公共空间的伦理');
INSERT OR IGNORE INTO exam_angles(exam_id,angle) VALUES('eq049','从''评价他人''看当代社会的隐私困境');
INSERT OR IGNORE INTO exam_angles(exam_id,angle) VALUES('eq050','拥抱虚拟但不忘现实——论科技与生活的平衡');
INSERT OR IGNORE INTO exam_angles(exam_id,angle) VALUES('eq050','虚拟世界不能替代真实体验');
INSERT OR IGNORE INTO exam_angles(exam_id,angle) VALUES('eq050','保持适当距离：在虚拟与现实之间寻找最优解');
INSERT OR IGNORE INTO users(id,username,password_hash,role,created_at) VALUES('umnzmj4d0paqj','admin','$2b$10$O97cQvcLYcYz9rA/7h.9hujFGpA0599VYf4KzKMBXhPINEomyBegS','admin','2026-04-15 05:42:43');
INSERT OR IGNORE INTO sessions(token,user_id,created_at,expires_at) VALUES('689d989d00cb490650e1f1df988ca43ae07f0c3e65bb66718c5ef5385b2ec52a','umnzmj4d0paqj','2026-04-21 02:32:21','2026-04-22T02:32:21.021Z');
INSERT OR IGNORE INTO tutorials(id,category_id,title,proposition_analysis,philosophy_guide,created_at,updated_at,subcategory_id) VALUES('tmo18l97n4k3t','youth','青年成长','"青年成长"类命题常聚焦于：梦想与现实的张力、个人选择与社会期待的博弈、成长中的挫折与超越。审题时需抓住"成长"的动态性——不是静止状态，而是过程与蜕变。','<p><strong>辩证法引入：</strong>"成长是矛盾的统一——梦想与现实的张力，恰恰是前行的动力。"</p><p><strong>量变质变：</strong>"每一次坚持都是量的积累，终将迎来质的飞跃。女足逆转夺冠，正是长期积淀的质变时刻。"</p><p><strong>否定之否定：</strong>"真正的成长不是直线，而是螺旋上升。挫折是对现状的否定，却孕育着更高层次的肯定。"</p>','2026-04-16 08:48:00','2026-04-16 08:48:00',NULL);
INSERT OR IGNORE INTO tutorials(id,category_id,title,proposition_analysis,philosophy_guide,created_at,updated_at,subcategory_id) VALUES('tmo18l97ph9cp','culture','文化传承','"文化传承"类命题常探讨：传统与现代的关系、文化遗产保护的责任、文化创新与守正的平衡。审题关键在于理解"传承"不是简单的复制，而是在继承中创新。','<p><strong>历史唯物主义：</strong>"文化传承是社会发展的精神纽带，承载着一个民族的集体记忆与价值认同。"</p><p><strong>辩证统一：</strong>"传统与现代看似对立，实则统一。传统为现代提供根基，现代为传统注入活力。"</p>','2026-04-16 08:48:00','2026-04-16 08:48:00',NULL);
INSERT OR IGNORE INTO tutorials(id,category_id,title,proposition_analysis,philosophy_guide,created_at,updated_at,subcategory_id) VALUES('tmo18l97qsk52','virtue','人性光辉','"人性光辉"类命题聚焦于：平凡人的英雄行为、善意的力量、人性中的真善美。审题时要抓住"光辉"的本质——在困境中闪耀的人性光芒。','<p><strong>人性论：</strong>"人性之光，不在于惊天动地的壮举，而在于关键时刻的选择——那一刻，平凡人成为英雄。"</p><p><strong>价值论：</strong>"善意的价值不因微小而减损，每一份善意都是人性光辉的闪烁。"</p>','2026-04-16 08:48:00','2026-04-16 08:48:00',NULL);
INSERT OR IGNORE INTO tutorial_directions(id,tutorial_id,title,description,sort_order) VALUES('1','tmo18l97n4k3t','梦想与坚持','探讨青年追梦过程中的困境与坚守','0');
INSERT OR IGNORE INTO tutorial_directions(id,tutorial_id,title,description,sort_order) VALUES('2','tmo18l97n4k3t','选择与担当','个人发展与社会责任的平衡','1');
INSERT OR IGNORE INTO tutorial_directions(id,tutorial_id,title,description,sort_order) VALUES('3','tmo18l97n4k3t','挫折与超越','逆境中成长的价值与意义','2');
INSERT OR IGNORE INTO tutorial_directions(id,tutorial_id,title,description,sort_order) VALUES('4','tmo18l97ph9cp','守正与创新','如何在传承中保持文化精髓并创新发展','0');
INSERT OR IGNORE INTO tutorial_directions(id,tutorial_id,title,description,sort_order) VALUES('5','tmo18l97ph9cp','遗产保护','文化遗产的价值与保护责任','1');
INSERT OR IGNORE INTO tutorial_directions(id,tutorial_id,title,description,sort_order) VALUES('6','tmo18l97ph9cp','文化自信','传统文化的当代价值与青年担当','2');
INSERT OR IGNORE INTO tutorial_directions(id,tutorial_id,title,description,sort_order) VALUES('7','tmo18l97qsk52','平凡与伟大','普通人如何成为时代英雄','0');
INSERT OR IGNORE INTO tutorial_directions(id,tutorial_id,title,description,sort_order) VALUES('8','tmo18l97qsk52','善意传递','小小的善意如何汇聚成大爱','1');
INSERT OR IGNORE INTO tutorial_directions(id,tutorial_id,title,description,sort_order) VALUES('9','tmo18l97qsk52','人性考验','关键时刻的人性选择','2');
INSERT OR IGNORE INTO tutorial_questions(id,tutorial_id,short_title,title,question_text,note,writing_approach,sort_order) VALUES('1','tmo18l97n4k3t','2024全国甲卷','2024年全国甲卷作文题','人们因技术发展得以更好地掌控时间，但也有人因此成了时间的仆人。请以"技术与时间"为主题，结合青年成长的思考，写一篇文章。','关键词：技术、时间掌控、青年自主性','<p><strong>并列式结构：</strong>从"梦想""担当""超越"三个维度展开，每个维度配以典型人物素材。</p><p><strong>层进式结构：</strong>成长始于觉醒 → 成于坚守 → 升于超越，层层递进深化主题。</p><p><strong>对照式结构：</strong>对比"躺平"与"奋斗"两种青年姿态，以反面衬托正面价值。</p>','0');
INSERT OR IGNORE INTO tutorial_questions(id,tutorial_id,short_title,title,question_text,note,writing_approach,sort_order) VALUES('2','tmo18l97n4k3t','2023新课标I卷','2023年新课标I卷作文题','好的故事，可以帮我们更好地表达和沟通，可以触动心灵、启迪智慧；好的故事，可以改变一个人的命运，可以展现一个民族的形象……故事是有力量的。请以"故事的力量"为主题写作。','关键词：故事力量、表达沟通、人生影响','<p><strong>故事叙事式：</strong>以一个感人的成长故事为主线，层层铺展青年的奋斗历程。</p><p><strong>群像并列式：</strong>多个青年榜样故事并列，形成"奋斗群像"，增强说服力。</p><p><strong>哲思升华式：</strong>从具体故事上升到对成长本质的思辨，探讨"故事如何塑造人生"。</p>','1');
INSERT OR IGNORE INTO tutorial_questions(id,tutorial_id,short_title,title,question_text,note,writing_approach,sort_order) VALUES('3','tmo18l97n4k3t','模拟题','模拟命题：青春的选择','在人生的十字路口，青年面临无数选择：是追逐个人梦想，还是承担社会责任？是安稳前行，还是冒险突围？请以"青春的选择"为题，谈谈你的思考。','关键词：选择、梦想、责任、成长路径','<p><strong>辩证式结构：</strong>分析"梦想"与"责任"看似对立实则统一的关系。</p><p><strong>层进式结构：</strong>认识选择的多样性 → 理解选择的意义 → 做出有意义的选择。</p><p><strong>对照式结构：</strong>对比不同选择带来的不同人生轨迹，以实例论证"选择决定命运"。</p>','2');
INSERT OR IGNORE INTO tutorial_questions(id,tutorial_id,short_title,title,question_text,note,writing_approach,sort_order) VALUES('4','tmo18l97ph9cp','2022全国乙卷','2022年全国乙卷作文题','双奥之城北京，见证了中国的跨越式发展。从2008到2022，中国以开放自信的姿态拥抱世界。请以"跨越"为主题，结合文化传承与发展写作。','关键词：跨越、开放、自信、文化发展','<p><strong>并列式结构：</strong>从"守护""创新""传播"三个层面展开，展现文化传承的完整图景。</p><p><strong>层进式结构：</strong>认识文化价值 → 承担传承责任 → 实现创新转化。</p>','0');
INSERT OR IGNORE INTO tutorial_questions(id,tutorial_id,short_title,title,question_text,note,writing_approach,sort_order) VALUES('5','tmo18l97ph9cp','模拟题','模拟命题：传统文化的当代价值','有人说传统文化是包袱，有人说它是根脉。作为新时代青年，你如何看待传统文化的当代价值？请写一篇文章表达你的观点。','关键词：传统文化、当代价值、青年视角','<p><strong>辩证式结构：</strong>"守正"与"创新"并非对立，而是相辅相成——守正是根基，创新是生命力。</p>','1');
INSERT OR IGNORE INTO tutorial_questions(id,tutorial_id,short_title,title,question_text,note,writing_approach,sort_order) VALUES('6','tmo18l97qsk52','2021全国甲卷','2021年全国甲卷作文题','有人说，经过时间的沉淀，我们认识事物的价值会更深刻。请以"时间的沉淀"为主题，结合人生感悟写作。','关键词：时间沉淀、价值认知、人性考验','<p><strong>故事叙事式：</strong>以一个感人的故事为主线，层层铺展人性的光辉。</p><p><strong>群像并列式：</strong>多个平凡英雄的故事并列，形成"光辉群像"。</p>','0');
INSERT OR IGNORE INTO tutorial_questions(id,tutorial_id,short_title,title,question_text,note,writing_approach,sort_order) VALUES('7','tmo18l97qsk52','模拟题','模拟命题：平凡人的英雄时刻','英雄不一定光芒万丈，平凡人也可以在关键时刻闪耀人性光辉。请以"平凡人的英雄时刻"为题，讲述你对英雄的理解。','关键词：平凡英雄、人性光辉、关键时刻','<p><strong>哲思升华式：</strong>从具体事例上升到人性本质的思辨，探讨"何为真正的英雄"。</p>','1');
INSERT OR IGNORE INTO tutorial_examples(id,tutorial_id,short_title,title,example_text,highlight,analysis,sort_order) VALUES('1','tmo18l97n4k3t','并列式示例','青春三问：梦想、担当、超越','<p>青春是一场持续的追问与选择。第一问：<strong>梦想何为？</strong>袁隆平从田野到实验室，用一生追逐"让所有人吃饱饭"的梦；樊锦诗从繁华都市到大漠戈壁，以半个世纪守护千年文明。他们的青春，因梦想而有了方向。</p>
<p>第二问：<strong>担当何往？</strong>外卖小哥彭清林从十二米高的钱塘江大桥一跃而下，不是为了成为英雄，而是"做了该做的事"。当代青年返乡创业，用新知识带动乡村振兴——担当，从来不是空谈，而是行动。</p>
<p>第三问：<strong>超越何来？</strong>中国女足在0:2落后的绝境中逆转夺冠，诠释了"永不言弃"的真意。青春的超越，不是一帆风顺的航行，而是在逆境中依然选择前行。</p>','梁启超有言："少年自有少年狂，身似山河挺脊梁，敢将日月再丈量。"青春的答案，写在每一次选择、每一份担当、每一次超越中。','并列式结构：以"梦想""担当""超越"三个关键词并列展开，每个维度配以典型人物素材，结尾引用名言升华主题。段落整齐，节奏分明。','0');
INSERT OR IGNORE INTO tutorial_examples(id,tutorial_id,short_title,title,example_text,highlight,analysis,sort_order) VALUES('2','tmo18l97n4k3t','层进式示例','从觉醒到超越','<p>青年的成长，始于觉醒。何为觉醒？是意识到个人命运与社会相连，是明白"躺平"非出路、"奋斗"才是正途。樊锦诗在北大毕业时觉醒——她没有选择安逸，而是走向敦煌，因为她知道文化的根脉需要守护。</p>
<p>觉醒之后，是坚守。敦煌五十年，大漠孤烟，风沙漫漫。她忍受孤独、抵御诱惑，只为一个信念：莫高窟不能消失。这份坚守，是量变的积累，为质变做准备。</p>
<p>坚守的终点，是超越。女足姑娘们在绝境中逆转，不是因为天赋异禀，而是长期积淀后的爆发。超越，是对过往的否定，却孕育着更高层次的肯定。</p>','量变质变、否定之否定——辩证法的智慧在青年成长中生动呈现。','层进式结构：觉醒→坚守→超越，层层递进深化主题。素材按时间线展开，体现成长的过程性，结尾以哲学概念升华。','1');
INSERT OR IGNORE INTO tutorial_examples(id,tutorial_id,short_title,title,example_text,highlight,analysis,sort_order) VALUES('3','tmo18l97n4k3t','对照式示例','躺平还是奋斗？','<p>当"躺平"成为一种流行词，我们不禁追问：青年的人生，该如何选择？</p>
<p>有人选择躺平——放弃梦想、逃避责任、安于现状。他们或许觉得，世界太复杂、竞争太激烈、努力太辛苦。躺平，似乎是一种自我保护。</p>
<p>但也有人选择奋斗——袁隆平九十年如一日扎根稻田，樊锦诗半个世纪守护敦煌，彭清林关键时刻纵身一跃，女足姑娘逆境中永不言弃。他们的青春，因奋斗而闪光。</p>
<p>躺平者或许暂时轻松，但终将发现：逃避的人生，没有厚度。奋斗者或许一路艰辛，但他们收获的是：有意义的人生，有价值的青春。</p>','选择躺平，是对青春的辜负；选择奋斗，是对生命的尊重。','对照式结构：以"躺平"与"奋斗"对比，反面衬托正面价值，强化论点说服力。素材作为正面例证，与反面形成张力。','2');
INSERT OR IGNORE INTO tutorial_examples(id,tutorial_id,short_title,title,example_text,highlight,analysis,sort_order) VALUES('4','tmo18l97ph9cp','并列式示例','传承的三重境界','<p>文化传承，第一重是<strong>守护</strong>。樊锦诗扎根敦煌半个世纪，守护千年石窟；非遗传承人坚守技艺，守护民族文化根脉。守护，是传承的起点，是对历史的敬畏与责任。</p>
<p>第二重是<strong>创新</strong>。故宫文创让传统文化走进年轻人的日常，国风音乐将古典旋律与现代节拍融合。创新，不是背叛传统，而是赋予传统新的生命力，让它活在当下。</p>
<p>第三重是<strong>传播</strong>。数字敦煌让全球观众都能触摸千年文明，国风音乐在海外社交平台走红。传播，让文化从静态的遗产变成动态的交流，从本土的骄傲变成世界的财富。</p>','守护是根，创新是魂，传播是翼。三者相辅相成，方能让文化传承生生不息。','并列式结构：守护→创新→传播，三个维度并列展开，素材均匀分布，逻辑清晰整齐。','0');
INSERT OR IGNORE INTO tutorial_examples(id,tutorial_id,short_title,title,example_text,highlight,analysis,sort_order) VALUES('5','tmo18l97ph9cp','辩证式示例','传统与现代的辩证','<p>有人说传统文化是包袱，有人说它是根脉。两种观点看似对立，实则揭示了传承的辩证智慧。</p>
<p>传统文化确实有"包袱"的一面——那些不再适应时代的形式、观念，需要理性审视、创造性转化。但不能因此否定传统本身。樊锦诗保护敦煌，不是为了把石窟封存起来，而是用数字技术让它永恒存在。</p>
<p>"根脉"的价值更为深远。文化是一个民族的灵魂，承载着集体记忆与价值认同。故宫文创的成功，恰恰证明传统可以与现代相融合，根脉可以开出新花。</p>','不忘本来，吸收外来，面向未来——这才是文化传承的正确姿态。','辩证式结构：先呈现对立观点，再分析二者的合理性，最后提出综合见解。素材作为论据支撑辩证分析。','1');
INSERT OR IGNORE INTO tutorial_examples(id,tutorial_id,short_title,title,example_text,highlight,analysis,sort_order) VALUES('6','tmo18l97qsk52','群像式示例','平凡人的英雄群像','<p>英雄不一定要光芒万丈。外卖小哥彭清林在钱塘江大桥上纵身一跃，用行动诠释了"平凡人的英雄时刻"。张桂梅扎根云南大山，创办免费女子高中，用教育点亮了无数女孩的命运。抗洪前线，普通市民挺身而出，筑起守护家园的人墙。</p>
<p>他们的名字或许不会被写进教科书，但他们的故事汇聚成时代的光辉群像。感动中国的人物中，有太多这样的面孔——平凡的身份，不平凡的选择。</p>
<p>雨果说："善良是历史中稀有的珍珠。"正是这些珍珠，串起了人性的项链，照亮了时代的前路。</p>','真正的英雄主义，是认清生活的真相后，依然选择善良与勇敢。','群像并列式：多个平凡英雄故事并列呈现，形成"光辉群像"的视觉效果。结尾引用名言升华，增强感染力。','0');
INSERT OR IGNORE INTO tutorial_examples(id,tutorial_id,short_title,title,example_text,highlight,analysis,sort_order) VALUES('7','tmo18l97qsk52','哲思式示例','何为真正的英雄','<p>罗曼·罗兰说："世界上只有一种真正的英雄主义，就是认清生活真相后依然热爱生活。"这句话揭示了一个深刻的命题：英雄的本质，不在于能力的大小，而在于选择的勇气。</p>
<p>外卖小哥彭清林救人后说："我只是一个普通人，做了该做的事。"张桂梅校长从不以英雄自居，她说："这些孩子需要我。"真正的英雄，往往不自知。</p>
<p>这正是人性光辉最动人之处——它不是刻意为之的壮举，而是内心善良的自然流露。当善意不再需要理由，当勇气不再需要标榜，平凡人便成为真正的英雄。</p>','善意不需要理由，勇气不需要标榜——这便是人性最本真的光辉。','哲思升华式：从名言引入，到具体事例论证，再到哲理升华，层层深入探讨"英雄"的本质。','1');
INSERT OR IGNORE INTO tutorial_tips(id,tutorial_id,icon,title,content,sort_order) VALUES('1','tmo18l97n4k3t','✨','开头抓眼球','用设问、对比、名言引出主题，让阅卷老师一眼记住你的观点。','0');
INSERT OR IGNORE INTO tutorial_tips(id,tutorial_id,icon,title,content,sort_order) VALUES('2','tmo18l97n4k3t','🔗','过渡要自然','段落之间用"然而""正是""与此同时"等词语衔接，避免生硬跳跃。','1');
INSERT OR IGNORE INTO tutorial_tips(id,tutorial_id,icon,title,content,sort_order) VALUES('3','tmo18l97n4k3t','💡','素材要鲜活','选择有时代感的素材，避免陈旧事例。用细节描写增强说服力。','2');
INSERT OR IGNORE INTO tutorial_tips(id,tutorial_id,icon,title,content,sort_order) VALUES('4','tmo18l97n4k3t','🎯','结尾要升华','不要简单重复开头，用哲理思辨或时代呼应，让主题更有深度。','3');
INSERT OR IGNORE INTO tutorial_tips(id,tutorial_id,icon,title,content,sort_order) VALUES('5','tmo18l97ph9cp','📜','引用经典','引用经典文献或名人名言，增添文化底蕴，让论述更有说服力。','0');
INSERT OR IGNORE INTO tutorial_tips(id,tutorial_id,icon,title,content,sort_order) VALUES('6','tmo18l97ph9cp','🔄','古今对照','将传统文化与现代生活对比，展现传承的时代意义与当代价值。','1');
INSERT OR IGNORE INTO tutorial_tips(id,tutorial_id,icon,title,content,sort_order) VALUES('7','tmo18l97ph9cp','🎨','具体案例','用具体的文化项目（数字敦煌、故宫文创）作为例证，避免空泛议论。','2');
INSERT OR IGNORE INTO tutorial_tips(id,tutorial_id,icon,title,content,sort_order) VALUES('8','tmo18l97ph9cp','🌏','全球视野','展现文化传播的国际影响，让主题从"传承"上升到"交流"。','3');
INSERT OR IGNORE INTO tutorial_tips(id,tutorial_id,icon,title,content,sort_order) VALUES('9','tmo18l97qsk52','💭','情感共鸣','用细腻的描写触动读者情感，让"光辉"不是抽象概念，而是真实感受。','0');
INSERT OR IGNORE INTO tutorial_tips(id,tutorial_id,icon,title,content,sort_order) VALUES('10','tmo18l97qsk52','👥','群像塑造','多个平凡人物并列呈现，形成"群像效应"，比单一案例更有说服力。','1');
INSERT OR IGNORE INTO tutorial_tips(id,tutorial_id,icon,title,content,sort_order) VALUES('11','tmo18l97qsk52','⚖️','对比衬托','用"平凡"衬托"伟大"，让英雄更显光辉，让读者更易共鸣。','2');
INSERT OR IGNORE INTO tutorial_tips(id,tutorial_id,icon,title,content,sort_order) VALUES('12','tmo18l97qsk52','🌟','价值升华','从具体故事上升到人性思考，探讨"何为英雄"的本质命题。','3');
